method,method_group,variant,true_class_idx,true_class_name,pred_class_idx,pred_class_name,count,param_min_samples,param_variogram_model,param_nlags,param_jitter_epsilon,param_outlier_strategy,param_outlier_percentile,param_outlier_mad_k,param_outlier_dbscan_eps,param_outlier_dbscan_min_samples,param_outlier_min_keep
2_kriging_v1,2_kriging,1,0,very_poor,0,very_poor,22377.6,6,spherical,12,0.01,mad,98.0,3.5,0.0007,5,6
2_kriging_v1,2_kriging,1,0,very_poor,1,poor,1318.4,6,spherical,12,0.01,mad,98.0,3.5,0.0007,5,6
2_kriging_v1,2_kriging,1,0,very_poor,2,fair,69.2,6,spherical,12,0.01,mad,98.0,3.5,0.0007,5,6
2_kriging_v1,2_kriging,1,0,very_poor,3,good,18.2,6,spherical,12,0.01,mad,98.0,3.5,0.0007,5,6
2_kriging_v1,2_kriging,1,0,very_poor,4,excellent,184.0,6,spherical,12,0.01,mad,98.0,3.5,0.0007,5,6
2_kriging_v1,2_kriging,1,1,poor,0,very_poor,1798.8,6,spherical,12,0.01,mad,98.0,3.5,0.0007,5,6
2_kriging_v1,2_kriging,1,1,poor,1,poor,3283.2,6,spherical,12,0.01,mad,98.0,3.5,0.0007,5,6
2_kriging_v1,2_kriging,1,1,poor,2,fair,343.8,6,spherical,12,0.01,mad,98.0,3.5,0.0007,5,6
2_kriging_v1,2_kriging,1,1,poor,3,good,12.8,6,spherical,12,0.01,mad,98.0,3.5,0.0007,5,6
2_kriging_v1,2_kriging,1,1,poor,4,excellent,68.0,6,spherical,12,0.01,mad,98.0,3.5,0.0007,5,6
2_kriging_v1,2_kriging,1,2,fair,0,very_poor,212.2,6,spherical,12,0.01,mad,98.0,3.5,0.0007,5,6
2_kriging_v1,2_kriging,1,2,fair,1,poor,659.6,6,spherical,12,0.01,mad,98.0,3.5,0.0007,5,6
2_kriging_v1,2_kriging,1,2,fair,2,fair,1053.8,6,spherical,12,0.01,mad,98.0,3.5,0.0007,5,6
2_kriging_v1,2_kriging,1,2,fair,3,good,47.4,6,spherical,12,0.01,mad,98.0,3.5,0.0007,5,6
2_kriging_v1,2_kriging,1,2,fair,4,excellent,38.2,6,spherical,12,0.01,mad,98.0,3.5,0.0007,5,6
2_kriging_v1,2_kriging,1,3,good,0,very_poor,28.8,6,spherical,12,0.01,mad,98.0,3.5,0.0007,5,6
2_kriging_v1,2_kriging,1,3,good,1,poor,26.8,6,spherical,12,0.01,mad,98.0,3.5,0.0007,5,6
2_kriging_v1,2_kriging,1,3,good,2,fair,164.6,6,spherical,12,0.01,mad,98.0,3.5,0.0007,5,6
2_kriging_v1,2_kriging,1,3,good,3,good,131.6,6,spherical,12,0.01,mad,98.0,3.5,0.0007,5,6
2_kriging_v1,2_kriging,1,3,good,4,excellent,11.6,6,spherical,12,0.01,mad,98.0,3.5,0.0007,5,6
2_kriging_v1,2_kriging,1,4,excellent,0,very_poor,1.2,6,spherical,12,0.01,mad,98.0,3.5,0.0007,5,6
2_kriging_v1,2_kriging,1,4,excellent,1,poor,0.4,6,spherical,12,0.01,mad,98.0,3.5,0.0007,5,6
2_kriging_v1,2_kriging,1,4,excellent,2,fair,3.6,6,spherical,12,0.01,mad,98.0,3.5,0.0007,5,6
2_kriging_v1,2_kriging,1,4,excellent,3,good,4.2,6,spherical,12,0.01,mad,98.0,3.5,0.0007,5,6
2_kriging_v1,2_kriging,1,4,excellent,4,excellent,6.8,6,spherical,12,0.01,mad,98.0,3.5,0.0007,5,6
