method,method_group,variant,true_class_idx,true_class_name,pred_class_idx,pred_class_name,count,param_min_samples,param_outlier_strategy,param_outlier_percentile,param_outlier_mad_k,param_outlier_dbscan_eps,param_outlier_dbscan_min_samples,param_outlier_min_keep,param_alpha,param_k_neighbors,param_power,param_epsilon,param_scope,param_feature_set,param_model,param_random_state,param_n_estimators,param_max_depth,param_min_samples_leaf,param_min_samples_split,param_fit_progress_every,param_predict_progress_every
0_CH_v1,0_CH,1,0,very_poor,0,very_poor,20510.6,3,percentile,97.0,3.5,0.0007,5.0,3,,,,,,,,,,,,,,
0_CH_v1,0_CH,1,0,very_poor,1,poor,1407.8,3,percentile,97.0,3.5,0.0007,5.0,3,,,,,,,,,,,,,,
0_CH_v1,0_CH,1,0,very_poor,2,fair,58.2,3,percentile,97.0,3.5,0.0007,5.0,3,,,,,,,,,,,,,,
0_CH_v1,0_CH,1,0,very_poor,3,good,1.4,3,percentile,97.0,3.5,0.0007,5.0,3,,,,,,,,,,,,,,
0_CH_v1,0_CH,1,0,very_poor,4,excellent,0.4,3,percentile,97.0,3.5,0.0007,5.0,3,,,,,,,,,,,,,,
0_CH_v1,0_CH,1,1,poor,0,very_poor,2812.4,3,percentile,97.0,3.5,0.0007,5.0,3,,,,,,,,,,,,,,
0_CH_v1,0_CH,1,1,poor,1,poor,2045.6,3,percentile,97.0,3.5,0.0007,5.0,3,,,,,,,,,,,,,,
0_CH_v1,0_CH,1,1,poor,2,fair,269.4,3,percentile,97.0,3.5,0.0007,5.0,3,,,,,,,,,,,,,,
0_CH_v1,0_CH,1,1,poor,3,good,11.6,3,percentile,97.0,3.5,0.0007,5.0,3,,,,,,,,,,,,,,
0_CH_v1,0_CH,1,1,poor,4,excellent,0.0,3,percentile,97.0,3.5,0.0007,5.0,3,,,,,,,,,,,,,,
0_CH_v1,0_CH,1,2,fair,0,very_poor,348.8,3,percentile,97.0,3.5,0.0007,5.0,3,,,,,,,,,,,,,,
0_CH_v1,0_CH,1,2,fair,1,poor,960.0,3,percentile,97.0,3.5,0.0007,5.0,3,,,,,,,,,,,,,,
0_CH_v1,0_CH,1,2,fair,2,fair,534.0,3,percentile,97.0,3.5,0.0007,5.0,3,,,,,,,,,,,,,,
0_CH_v1,0_CH,1,2,fair,3,good,20.2,3,percentile,97.0,3.5,0.0007,5.0,3,,,,,,,,,,,,,,
0_CH_v1,0_CH,1,2,fair,4,excellent,0.0,3,percentile,97.0,3.5,0.0007,5.0,3,,,,,,,,,,,,,,
0_CH_v1,0_CH,1,3,good,0,very_poor,22.6,3,percentile,97.0,3.5,0.0007,5.0,3,,,,,,,,,,,,,,
0_CH_v1,0_CH,1,3,good,1,poor,100.6,3,percentile,97.0,3.5,0.0007,5.0,3,,,,,,,,,,,,,,
0_CH_v1,0_CH,1,3,good,2,fair,192.2,3,percentile,97.0,3.5,0.0007,5.0,3,,,,,,,,,,,,,,
0_CH_v1,0_CH,1,3,good,3,good,20.2,3,percentile,97.0,3.5,0.0007,5.0,3,,,,,,,,,,,,,,
0_CH_v1,0_CH,1,3,good,4,excellent,1.6,3,percentile,97.0,3.5,0.0007,5.0,3,,,,,,,,,,,,,,
0_CH_v1,0_CH,1,4,excellent,0,very_poor,0.8,3,percentile,97.0,3.5,0.0007,5.0,3,,,,,,,,,,,,,,
0_CH_v1,0_CH,1,4,excellent,1,poor,1.6,3,percentile,97.0,3.5,0.0007,5.0,3,,,,,,,,,,,,,,
0_CH_v1,0_CH,1,4,excellent,2,fair,6.0,3,percentile,97.0,3.5,0.0007,5.0,3,,,,,,,,,,,,,,
0_CH_v1,0_CH,1,4,excellent,3,good,3.2,3,percentile,97.0,3.5,0.0007,5.0,3,,,,,,,,,,,,,,
0_CH_v1,0_CH,1,4,excellent,4,excellent,1.4,3,percentile,97.0,3.5,0.0007,5.0,3,,,,,,,,,,,,,,
