method,method_group,variant,true_class_idx,true_class_name,pred_class_idx,pred_class_name,count,param_min_samples,param_length_scale,param_noise_level,param_alpha,param_normalize_y,param_max_train,param_random_state,param_outlier_strategy,param_outlier_mad_k,param_outlier_min_keep
5_gpr_v1,5_gpr,1,0,very_poor,0,very_poor,22194.2,8,0.001,1.0,1e-06,True,400,42,mad,3.5,8
5_gpr_v1,5_gpr,1,0,very_poor,1,poor,1694.6,8,0.001,1.0,1e-06,True,400,42,mad,3.5,8
5_gpr_v1,5_gpr,1,0,very_poor,2,fair,76.8,8,0.001,1.0,1e-06,True,400,42,mad,3.5,8
5_gpr_v1,5_gpr,1,0,very_poor,3,good,1.6,8,0.001,1.0,1e-06,True,400,42,mad,3.5,8
5_gpr_v1,5_gpr,1,0,very_poor,4,excellent,0.2,8,0.001,1.0,1e-06,True,400,42,mad,3.5,8
5_gpr_v1,5_gpr,1,1,poor,0,very_poor,2018.2,8,0.001,1.0,1e-06,True,400,42,mad,3.5,8
5_gpr_v1,5_gpr,1,1,poor,1,poor,3066.8,8,0.001,1.0,1e-06,True,400,42,mad,3.5,8
5_gpr_v1,5_gpr,1,1,poor,2,fair,416.0,8,0.001,1.0,1e-06,True,400,42,mad,3.5,8
5_gpr_v1,5_gpr,1,1,poor,3,good,5.0,8,0.001,1.0,1e-06,True,400,42,mad,3.5,8
5_gpr_v1,5_gpr,1,1,poor,4,excellent,0.6,8,0.001,1.0,1e-06,True,400,42,mad,3.5,8
5_gpr_v1,5_gpr,1,2,fair,0,very_poor,163.4,8,0.001,1.0,1e-06,True,400,42,mad,3.5,8
5_gpr_v1,5_gpr,1,2,fair,1,poor,809.0,8,0.001,1.0,1e-06,True,400,42,mad,3.5,8
5_gpr_v1,5_gpr,1,2,fair,2,fair,994.6,8,0.001,1.0,1e-06,True,400,42,mad,3.5,8
5_gpr_v1,5_gpr,1,2,fair,3,good,44.2,8,0.001,1.0,1e-06,True,400,42,mad,3.5,8
5_gpr_v1,5_gpr,1,2,fair,4,excellent,0.0,8,0.001,1.0,1e-06,True,400,42,mad,3.5,8
5_gpr_v1,5_gpr,1,3,good,0,very_poor,22.8,8,0.001,1.0,1e-06,True,400,42,mad,3.5,8
5_gpr_v1,5_gpr,1,3,good,1,poor,30.8,8,0.001,1.0,1e-06,True,400,42,mad,3.5,8
5_gpr_v1,5_gpr,1,3,good,2,fair,215.2,8,0.001,1.0,1e-06,True,400,42,mad,3.5,8
5_gpr_v1,5_gpr,1,3,good,3,good,92.4,8,0.001,1.0,1e-06,True,400,42,mad,3.5,8
5_gpr_v1,5_gpr,1,3,good,4,excellent,2.2,8,0.001,1.0,1e-06,True,400,42,mad,3.5,8
5_gpr_v1,5_gpr,1,4,excellent,0,very_poor,0.8,8,0.001,1.0,1e-06,True,400,42,mad,3.5,8
5_gpr_v1,5_gpr,1,4,excellent,1,poor,0.6,8,0.001,1.0,1e-06,True,400,42,mad,3.5,8
5_gpr_v1,5_gpr,1,4,excellent,2,fair,4.8,8,0.001,1.0,1e-06,True,400,42,mad,3.5,8
5_gpr_v1,5_gpr,1,4,excellent,3,good,5.8,8,0.001,1.0,1e-06,True,400,42,mad,3.5,8
5_gpr_v1,5_gpr,1,4,excellent,4,excellent,4.2,8,0.001,1.0,1e-06,True,400,42,mad,3.5,8
