cell_id,n_measurements,bs_lat,bs_lon,bs_is_5g,bs_has_dss,bs_band_num,bs_sector_num
205163817,6695,42.9970786,12.5828131,0.0,0.0,3.0,1.0
204852009,6422,43.0583548,12.5461372,0.0,0.0,3.0,1.0
204852029,3501,43.0583548,12.5461372,0.0,0.0,20.0,1.0
205253417,3470,43.0102082,12.495179,0.0,1.0,3.0,1.0
205253419,3130,43.0102082,12.495179,0.0,1.0,3.0,3.0
204852010,2852,43.0583548,12.5461372,0.0,0.0,3.0,2.0
205091883,2841,43.0515734,12.5738403,0.0,0.0,3.0,3.0
205194538,2762,43.0709341,12.6146559,0.0,0.0,3.0,2.0
204814121,2361,43.1125075,12.3885998,0.0,0.0,3.0,1.0
204852011,2332,43.0583548,12.5461372,0.0,0.0,3.0,3.0
53431083,2194,43.0506719,12.560037,0.0,0.0,3.0,3.0
205194537,2051,43.0709341,12.6146559,0.0,0.0,3.0,1.0
205163818,2020,42.9970786,12.5828131,0.0,0.0,3.0,2.0
205163837,1914,42.9970786,12.5828131,0.0,0.0,20.0,1.0
205163819,1906,42.9970786,12.5828131,0.0,0.0,3.0,3.0
204809771,1815,43.0465576,12.2455781,0.0,0.0,3.0,3.0
205091882,1753,43.0515734,12.5738403,0.0,0.0,3.0,2.0
204851499,1702,43.0265502,12.4383686,0.0,0.0,3.0,3.0
205562409,1595,42.9279232,12.5954064,0.0,1.0,3.0,1.0
205219625,1582,42.8901906,12.6497874,0.0,0.0,3.0,1.0
53431082,1505,43.0506719,12.560037,0.0,0.0,3.0,2.0
204813098,1503,43.0919407,12.4758492,1.0,0.0,3.0,2.0
205211434,1474,43.007273,12.6510443,0.0,0.0,3.0,2.0
205163807,1388,42.9970786,12.5828131,0.0,0.0,1.0,1.0
205553961,1323,43.0700976,12.5005738,1.0,0.0,3.0,1.0
205091873,1305,43.0515734,12.5738403,0.0,0.0,1.0,3.0
205091884,1256,43.0515734,12.5738403,0.0,0.0,3.0,4.0
205091874,1186,43.0515734,12.5738403,0.0,0.0,1.0,4.0
205091872,1133,43.0515734,12.5738403,0.0,0.0,1.0,2.0
205328426,1131,43.1060038,12.5507948,0.0,1.0,3.0,2.0
205211433,1107,43.007273,12.6510443,0.0,0.0,3.0,1.0
53431081,1079,43.0506719,12.560037,0.0,0.0,3.0,1.0
205253407,1036,43.0102082,12.495179,0.0,1.0,1.0,1.0
205597993,1033,42.9826509,12.6727626,0.0,0.0,3.0,1.0
205327914,997,43.0418699,12.6271294,0.0,0.0,3.0,2.0
205562399,969,42.9279232,12.5954064,0.0,1.0,1.0,1.0
205253437,949,43.0102082,12.495179,0.0,1.0,20.0,1.0
205553962,936,43.0700976,12.5005738,1.0,0.0,3.0,2.0
204927786,913,42.9505477,12.7212556,0.0,0.0,3.0,2.0
205211435,896,43.007273,12.6510443,0.0,0.0,3.0,3.0
205326634,894,43.1282516,12.4520504,0.0,0.0,3.0,2.0
205327915,856,43.0418699,12.6271294,0.0,0.0,3.0,3.0
204816681,800,43.0938972,12.3997444,1.0,0.0,3.0,1.0
205597994,797,42.9826509,12.6727626,0.0,0.0,3.0,2.0
205163820,782,42.9970786,12.5828131,0.0,0.0,3.0,4.0
53431073,749,43.0506719,12.560037,0.0,0.0,1.0,3.0
205219626,729,42.8901906,12.6497874,0.0,0.0,3.0,2.0
204813099,728,43.0919407,12.4758492,1.0,0.0,3.0,3.0
205253418,722,43.0102082,12.495179,0.0,1.0,3.0,2.0
204811051,708,,,,,,
205091881,708,43.0515734,12.5738403,0.0,0.0,3.0,1.0
205726505,707,42.9133265,12.5521352,0.0,0.0,3.0,1.0
205340971,686,43.0736679,12.6088945,0.0,0.0,3.0,3.0
205156139,628,43.0883812,12.3016015,0.0,1.0,3.0,3.0
204816661,627,43.0938972,12.3997444,1.0,0.0,7.0,1.0
205154346,624,43.1207673,12.2892289,0.0,0.0,3.0,2.0
204813097,613,43.0919407,12.4758492,1.0,0.0,3.0,1.0
204851498,595,43.0265502,12.4383686,0.0,0.0,3.0,2.0
205553952,589,43.0700976,12.5005738,1.0,0.0,1.0,2.0
205597995,571,42.9826509,12.6727626,0.0,0.0,3.0,3.0
205308201,560,42.9601925,12.6905726,0.0,0.0,3.0,1.0
204813088,541,43.0919407,12.4758492,1.0,0.0,1.0,2.0
205733673,523,43.0011511,12.4332594,0.0,0.0,3.0,1.0
205163808,520,42.9970786,12.5828131,0.0,0.0,1.0,2.0
205308203,518,42.9601925,12.6905726,0.0,0.0,3.0,3.0
205253409,492,43.0102082,12.495179,0.0,1.0,1.0,3.0
53431071,488,43.0506719,12.560037,0.0,0.0,1.0,1.0
205733674,485,43.0011511,12.4332594,0.0,0.0,3.0,2.0
205156137,485,43.0883812,12.3016015,0.0,1.0,3.0,1.0
204991766,482,42.9665745,12.6975887,0.0,0.0,7.0,2.0
205119787,480,43.0629682,12.5803856,0.0,0.0,3.0,3.0
204810281,477,43.1122091,12.4528399,1.0,0.0,3.0,1.0
205562429,471,42.9279232,12.5954064,0.0,1.0,20.0,1.0
205328427,471,43.1060038,12.5507948,0.0,1.0,3.0,3.0
205805354,466,43.0835904,12.4546916,0.0,0.0,3.0,2.0
205119785,462,43.0629682,12.5803856,0.0,0.0,3.0,1.0
204852030,461,43.0583548,12.5461372,0.0,0.0,20.0,2.0
205219627,457,42.8901906,12.6497874,0.0,0.0,3.0,3.0
205163809,446,42.9970786,12.5828131,0.0,0.0,1.0,3.0
204808490,443,43.1550755,12.5632874,0.0,1.0,3.0,2.0
204991767,441,42.9665745,12.6975887,0.0,0.0,7.0,3.0
204928299,434,42.9602255,12.721889,0.0,0.0,3.0,3.0
205152042,417,43.0328394,12.4004409,0.0,0.0,3.0,2.0
205340961,413,43.0736679,12.6088945,0.0,0.0,1.0,3.0
205328425,407,43.1060038,12.5507948,0.0,1.0,3.0,1.0
205553951,397,43.0700976,12.5005738,1.0,0.0,1.0,1.0
204809513,393,43.1531597,12.4424849,1.0,0.0,3.0,1.0
205553963,393,43.0700976,12.5005738,1.0,0.0,3.0,3.0
205164073,393,42.8670412,12.7324777,0.0,0.0,3.0,1.0
204851497,388,43.0265502,12.4383686,0.0,0.0,3.0,1.0
205642527,382,42.9825783,12.4197576,0.0,0.0,1.0,1.0
204813609,382,43.1166255,12.4011548,0.0,0.0,3.0,1.0
205163839,381,42.9970786,12.5828131,0.0,0.0,20.0,3.0
204852031,381,43.0583548,12.5461372,0.0,0.0,20.0,3.0
205253408,379,43.0102082,12.495179,0.0,1.0,1.0,2.0
205211425,372,43.007273,12.6510443,0.0,0.0,1.0,3.0
53431072,369,43.0506719,12.560037,0.0,0.0,1.0,2.0
205520446,369,43.1249575,12.6448296,0.0,1.0,20.0,2.0
204813089,366,43.0919407,12.4758492,1.0,0.0,1.0,3.0
204929066,364,,,,,,
204808489,361,43.1550755,12.5632874,0.0,1.0,3.0,1.0
204811305,358,43.0646811,12.3009178,0.0,0.0,3.0,1.0
205876522,352,43.1159185,12.4595208,0.0,0.0,3.0,2.0
204812329,347,43.1164154,12.5108945,1.0,0.0,3.0,1.0
204811562,341,43.0745199,12.3794648,0.0,0.0,3.0,2.0
205863211,339,43.1067063,12.446977,0.0,0.0,3.0,3.0
205091871,335,43.0515734,12.5738403,0.0,0.0,1.0,1.0
205137215,328,43.0714242,12.6144917,0.0,0.0,20.0,3.0
204929065,326,42.9093911,12.7304414,0.0,0.0,3.0,1.0
205396521,323,,,,,,
205339434,316,42.8772702,12.74768,0.0,0.0,3.0,2.0
77154602,301,,,,,,
204809514,300,43.1531597,12.4424849,1.0,0.0,3.0,2.0
204809515,300,43.1531597,12.4424849,1.0,0.0,3.0,3.0
205340959,292,43.0736679,12.6088945,0.0,0.0,1.0,1.0
205211423,280,43.007273,12.6510443,0.0,0.0,1.0,1.0
205340960,277,43.0736679,12.6088945,0.0,0.0,1.0,2.0
204810282,269,43.1122091,12.4528399,1.0,0.0,3.0,2.0
204816425,263,43.1097359,12.3745472,1.0,0.0,3.0,1.0
204810283,263,43.1122091,12.4528399,1.0,0.0,3.0,3.0
204994069,262,43.116441,12.3902429,0.0,0.0,7.0,1.0
205152298,261,43.11907,12.4066476,0.0,0.0,3.0,2.0
204947232,261,43.1106852,12.3890226,1.0,0.0,1.0,2.0
204818474,258,43.0173777,12.3610203,0.0,1.0,3.0,2.0
204811071,257,,,,,,
205512745,256,,,,,,
204812074,255,43.092481,12.4238587,0.0,0.0,3.0,2.0
204810793,243,43.2695976,12.3947986,0.0,0.0,3.0,1.0
204925740,241,42.9665686,12.6975904,0.0,0.0,3.0,4.0
204927275,239,42.9359906,12.7246432,0.0,1.0,3.0,3.0
205184041,239,,,,,,
205828158,238,43.0019447,12.6797372,0.0,0.0,20.0,2.0
204814889,236,43.1195188,12.3786223,0.0,0.0,3.0,1.0
204812842,234,43.048687,12.3695514,0.0,0.0,3.0,2.0
204817961,233,43.0807438,12.3502513,0.0,0.0,3.0,1.0
205194795,232,,,,,,
205253931,227,43.095659,12.363572,0.0,1.0,3.0,3.0
204851519,226,43.0265502,12.4383686,0.0,0.0,20.0,3.0
205396522,226,,,,,,
205253675,226,42.9456443,12.4056933,0.0,0.0,3.0,3.0
204810795,225,43.2695976,12.3947986,0.0,0.0,3.0,3.0
205118251,224,43.096656,12.3174745,1.0,0.0,3.0,3.0
204994090,217,43.116441,12.3902429,0.0,0.0,3.0,2.0
204809001,217,43.0843628,12.4396546,1.0,0.0,3.0,1.0
204813087,217,43.0919407,12.4758492,1.0,0.0,1.0,1.0
205253673,216,,,,,,
205733663,214,43.0011511,12.4332594,0.0,0.0,1.0,1.0
205642529,213,42.9825783,12.4197576,0.0,0.0,1.0,3.0
204927785,208,42.9505477,12.7212556,0.0,0.0,3.0,1.0
205725482,206,,,,,,
204815915,206,43.1082445,12.3470483,1.0,0.0,3.0,3.0
204929067,206,42.9093911,12.7304414,0.0,0.0,3.0,3.0
204814633,206,43.1108477,12.4067486,0.0,0.0,3.0,1.0
205164075,201,42.8670412,12.7324777,0.0,0.0,3.0,3.0
205805353,195,43.0835904,12.4546916,0.0,0.0,3.0,1.0
204994089,190,43.116441,12.3902429,0.0,0.0,3.0,1.0
205562410,189,42.9279232,12.5954064,0.0,1.0,3.0,2.0
204808981,188,43.0843628,12.4396546,1.0,0.0,7.0,1.0
204816426,187,43.1097359,12.3745472,1.0,0.0,3.0,2.0
205253674,187,,,,,,
205856555,186,43.0875679,12.4359905,0.0,0.0,3.0,3.0
205211424,186,43.007273,12.6510443,0.0,0.0,1.0,2.0
204812330,183,43.1164154,12.5108945,1.0,0.0,3.0,2.0
204809769,180,43.0465576,12.2455781,0.0,0.0,3.0,1.0
204811818,179,43.0703146,12.4034073,1.0,0.0,3.0,2.0
204812843,176,43.048687,12.3695514,0.0,0.0,3.0,3.0
205118231,176,43.096656,12.3174745,1.0,0.0,7.0,3.0
204928298,175,42.9602255,12.721889,0.0,0.0,3.0,2.0
205478953,174,43.1393481,12.4618336,1.0,0.0,3.0,1.0
205308191,173,42.9601925,12.6905726,0.0,0.0,1.0,1.0
52998954,170,43.0936901,12.4467966,0.0,0.0,3.0,2.0
204815914,170,43.1082445,12.3470483,1.0,0.0,3.0,2.0
204811306,169,43.0646811,12.3009178,0.0,0.0,3.0,2.0
205163810,168,42.9970786,12.5828131,0.0,0.0,1.0,4.0
205148201,166,43.0517151,12.2256441,0.0,0.0,3.0,1.0
205828128,166,43.0019447,12.6797372,0.0,0.0,1.0,2.0
205119786,165,43.0629682,12.5803856,0.0,0.0,3.0,2.0
14860319,164,43.29671,12.3411301,0.0,0.0,3.0,1.0
53548075,164,43.1851243,12.6526876,0.0,0.0,3.0,3.0
204812075,163,43.092481,12.4238587,0.0,0.0,3.0,3.0
204852032,159,43.0583548,12.5461372,0.0,0.0,20.0,4.0
204809504,158,43.1531597,12.4424849,1.0,0.0,1.0,2.0
204813353,157,43.127853,12.4028772,0.0,0.0,3.0,1.0
205717821,157,43.1654339,12.5896831,0.0,1.0,20.0,1.0
204815639,154,,,,,,
204927264,154,42.9359906,12.7246432,0.0,1.0,1.0,2.0
204993065,152,43.0709503,12.5538615,0.0,1.0,3.0,1.0
205553953,151,43.0700976,12.5005738,1.0,0.0,1.0,3.0
205726507,149,,,,,,
205712937,147,,,,,,
14988576,147,43.3066621,12.327037,0.0,1.0,3.0,2.0
205308202,147,42.9601925,12.6905726,0.0,0.0,3.0,2.0
205252649,146,,,,,,
205520426,146,43.1249575,12.6448296,0.0,1.0,3.0,2.0
204927273,145,42.9359906,12.7246432,0.0,1.0,3.0,1.0
204947242,145,43.1106852,12.3890226,1.0,0.0,3.0,2.0
204926230,145,42.9552031,12.7035119,0.0,1.0,7.0,2.0
205805355,142,43.0835904,12.4546916,0.0,0.0,3.0,3.0
205091904,141,43.0515734,12.5738403,0.0,0.0,20.0,4.0
204810261,138,43.1122091,12.4528399,1.0,0.0,7.0,1.0
204817705,137,43.1151227,12.3987147,0.0,0.0,3.0,1.0
205152041,136,43.0328394,12.4004409,0.0,0.0,3.0,1.0
205327935,136,43.0418699,12.6271294,0.0,0.0,20.0,3.0
204810783,136,43.2695976,12.3947986,0.0,0.0,1.0,1.0
204809003,135,43.0843628,12.4396546,1.0,0.0,3.0,3.0
205091902,135,43.0515734,12.5738403,0.0,0.0,20.0,2.0
204928811,134,42.9841228,12.7390026,0.0,0.0,3.0,3.0
205327916,134,43.0418699,12.6271294,0.0,0.0,3.0,4.0
205308192,133,42.9601925,12.6905726,0.0,0.0,1.0,2.0
205733664,133,43.0011511,12.4332594,0.0,0.0,1.0,2.0
205152297,131,43.11907,12.4066476,0.0,0.0,3.0,1.0
204808235,131,43.1134796,12.3792238,0.0,0.0,3.0,3.0
204808982,131,43.0843628,12.4396546,1.0,0.0,7.0,2.0
205271082,129,,,,,,
205803563,129,43.0965758,12.3751485,1.0,0.0,3.0,3.0
205642528,128,42.9825783,12.4197576,0.0,0.0,1.0,2.0
204809791,127,43.0465576,12.2455781,0.0,0.0,20.0,3.0
205643069,127,43.213001,12.6740017,0.0,0.0,20.0,1.0
205239869,126,,,,,,
205155884,126,,,,,,
204818473,124,43.0173777,12.3610203,0.0,1.0,3.0,1.0
204814909,124,43.1195188,12.3786223,0.0,0.0,20.0,1.0
204928809,123,,,,,,
204817941,120,,,,,,
205154336,120,43.1207673,12.2892289,0.0,0.0,1.0,2.0
204808747,118,43.0812911,12.3401264,1.0,0.0,3.0,3.0
49362,116,,,,,,
205253439,115,43.0102082,12.495179,0.0,1.0,20.0,3.0
205147433,115,,,,,,
204813610,113,43.1166255,12.4011548,0.0,0.0,3.0,2.0
205253665,112,42.9456443,12.4056933,0.0,0.0,1.0,3.0
53219903,112,43.0545009,12.3402391,0.0,1.0,20.0,3.0
205118249,111,43.096656,12.3174745,1.0,0.0,3.0,1.0
205396523,110,,,,,,
204993067,110,43.0709503,12.5538615,0.0,1.0,3.0,3.0
77154622,108,,,,,,
205863210,108,43.1067063,12.446977,0.0,0.0,3.0,2.0
205704225,108,,,,,,
205118241,107,43.096656,12.3174745,1.0,0.0,1.0,3.0
205156138,107,43.0883812,12.3016015,0.0,1.0,3.0,2.0
14860320,106,43.29671,12.3411301,0.0,0.0,3.0,2.0
205118229,106,43.096656,12.3174745,1.0,0.0,7.0,1.0
205363242,104,,,,,,
53013803,103,43.2966913,12.3411221,0.0,0.0,3.0,3.0
204809258,103,43.0977264,12.3797116,1.0,0.0,3.0,2.0
204816671,102,43.0938972,12.3997444,1.0,0.0,1.0,1.0
204927775,102,42.9505477,12.7212556,0.0,0.0,1.0,1.0
205380395,101,43.1472179,12.7647132,0.0,0.0,3.0,3.0
205983529,100,,,,,,
5072,100,,,,,,
5073,100,,,,,,
205307945,100,42.8160042,12.76219,1.0,0.0,3.0,1.0
60954,99,,,,,,
204927265,99,42.9359906,12.7246432,0.0,1.0,1.0,3.0
205252394,99,43.1822317,12.4272088,0.0,0.0,3.0,2.0
77409281,99,,,,,,
204814377,99,43.0846737,12.4211557,0.0,0.0,3.0,1.0
204811817,98,43.0703146,12.4034073,1.0,0.0,3.0,1.0
205339425,98,42.8772702,12.74768,0.0,0.0,1.0,3.0
204808510,98,43.1550755,12.5632874,0.0,1.0,20.0,2.0
205252395,98,43.1822317,12.4272088,0.0,0.0,3.0,3.0
205194794,97,,,,,,
205520445,97,,,,,,
205151530,97,43.2376173,12.7737143,0.0,0.0,3.0,2.0
204993066,96,43.0709503,12.5538615,0.0,1.0,3.0,2.0
204808233,95,43.1134796,12.3792238,0.0,0.0,3.0,1.0
205326614,95,43.1282516,12.4520504,0.0,0.0,7.0,2.0
205144619,95,43.1063446,12.3602132,0.0,0.0,3.0,3.0
204927787,95,42.9505477,12.7212556,0.0,0.0,3.0,3.0
205184043,94,,,,,,
53013801,93,43.2966913,12.3411221,0.0,0.0,3.0,1.0
205876521,93,43.1159185,12.4595208,0.0,0.0,3.0,1.0
77154601,93,,,,,,
204817706,92,43.1151227,12.3987147,0.0,0.0,3.0,2.0
14877728,91,43.353177,12.2982148,0.0,0.0,3.0,2.0
53744681,90,43.0942503,12.4028316,0.0,0.0,3.0,1.0
205163838,89,42.9970786,12.5828131,0.0,0.0,20.0,2.0
205309225,88,43.1067435,12.3921952,0.0,0.0,3.0,1.0
7896,88,,,,,,
204808215,88,43.1134796,12.3792238,0.0,0.0,7.0,3.0
204818475,87,43.0173777,12.3610203,0.0,1.0,3.0,3.0
205252393,87,43.1822317,12.4272088,0.0,0.0,3.0,1.0
14987295,87,43.3291986,12.2477222,0.0,1.0,3.0,1.0
204809002,85,43.0843628,12.4396546,1.0,0.0,3.0,2.0
52924203,85,,,,,,
205763901,84,43.1223454,12.3100746,0.0,1.0,20.0,1.0
204928297,84,42.9602255,12.721889,0.0,0.0,3.0,1.0
204925739,83,42.9665686,12.6975904,0.0,0.0,3.0,3.0
204810272,83,43.1122091,12.4528399,1.0,0.0,1.0,2.0
205118239,83,43.096656,12.3174745,1.0,0.0,1.0,1.0
204809770,83,,,,,,
14988575,82,43.3066621,12.327037,0.0,1.0,3.0,1.0
35599,82,,,,,,
205810986,82,,,,,,
205856554,82,43.0875679,12.4359905,0.0,0.0,3.0,2.0
205520425,81,43.1249575,12.6448296,0.0,1.0,3.0,1.0
205148203,80,,,,,,
14987298,80,43.3291986,12.2477222,0.0,1.0,3.0,4.0
53431101,80,43.0506719,12.560037,0.0,0.0,20.0,1.0
205205289,79,42.8965845,12.3226187,0.0,1.0,3.0,1.0
205148221,79,,,,,,
204814634,79,43.1108477,12.4067486,0.0,0.0,3.0,2.0
35399,79,,,,,,
205726761,79,,,,,,
205308193,78,42.9601925,12.6905726,0.0,0.0,1.0,3.0
53548065,78,43.1851243,12.6526876,0.0,0.0,1.0,3.0
36649,78,,,,,,
52998953,78,43.0936901,12.4467966,0.0,0.0,3.0,1.0
205271083,77,,,,,,
205154345,77,43.1207673,12.2892289,0.0,0.0,3.0,1.0
205194796,77,,,,,,
205232682,76,42.9535444,12.7068157,0.0,0.0,3.0,2.0
204810794,76,43.2695976,12.3947986,0.0,0.0,3.0,2.0
204810026,76,43.1137519,12.392655,0.0,0.0,3.0,2.0
205439017,75,43.0965023,12.3862816,0.0,0.0,3.0,1.0
205211454,75,,,,,,
52924201,75,,,,,,
205870122,74,43.0699107,12.324744,1.0,0.0,3.0,2.0
53514282,74,43.0845605,12.441332,0.0,0.0,3.0,2.0
205091901,73,43.0515734,12.5738403,0.0,0.0,20.0,1.0
205704223,73,42.8269137,12.6797765,0.0,1.0,1.0,1.0
204993068,73,43.0709503,12.5538615,0.0,1.0,3.0,4.0
204815638,73,,,,,,
4823,72,,,,,,
205239870,70,,,,,,
204812319,70,43.1164154,12.5108945,1.0,0.0,1.0,1.0
40132,70,,,,,,
204815659,69,,,,,,
340,69,,,,,,
33891,69,,,,,,
205147434,69,,,,,,
204926251,69,42.9552031,12.7035119,0.0,1.0,3.0,3.0
205512746,69,,,,,,
53431103,69,43.0506719,12.560037,0.0,0.0,20.0,3.0
205339435,69,42.8772702,12.74768,0.0,0.0,3.0,3.0
205380393,68,,,,,,
205363241,68,,,,,,
204927263,67,42.9359906,12.7246432,0.0,1.0,1.0,1.0
77313282,67,,,,,,
205211453,67,,,,,,
204927777,67,42.9505477,12.7212556,0.0,0.0,1.0,3.0
14988596,66,43.3066621,12.327037,0.0,1.0,7.0,2.0
205307947,66,,,,,,
205520171,66,,,,,,
204808991,65,43.0843628,12.4396546,1.0,0.0,1.0,1.0
35401,65,,,,,,
204927806,65,42.9505477,12.7212556,0.0,0.0,20.0,2.0
204947222,65,43.1106852,12.3890226,1.0,0.0,7.0,2.0
205520170,65,,,,,,
205553981,64,43.0700976,12.5005738,1.0,0.0,20.0,1.0
205091903,64,43.0515734,12.5738403,0.0,0.0,20.0,3.0
205598013,64,42.9826509,12.6727626,0.0,0.0,20.0,1.0
205339424,63,42.8772702,12.74768,0.0,0.0,1.0,2.0
204812331,63,43.1164154,12.5108945,1.0,0.0,3.0,3.0
205202987,63,43.2314153,12.7847702,0.0,0.0,3.0,3.0
204925738,63,42.9665686,12.6975904,0.0,0.0,3.0,2.0
14860330,63,43.29671,12.3411301,0.0,0.0,1.0,2.0
205289769,62,,,,,,
205194793,62,43.1515051,12.2005736,0.0,1.0,3.0,1.0
204811552,62,43.0745199,12.3794648,0.0,0.0,1.0,2.0
0,61,,,,,,
53431102,61,43.0506719,12.560037,0.0,0.0,20.0,2.0
204810784,61,43.2695976,12.3947986,0.0,0.0,1.0,2.0
204815913,61,43.1082445,12.3470483,1.0,0.0,3.0,1.0
205642557,61,42.9825783,12.4197576,0.0,0.0,20.0,1.0
204808234,61,43.1134796,12.3792238,0.0,0.0,3.0,2.0
77154621,60,,,,,,
204809503,60,43.1531597,12.4424849,1.0,0.0,1.0,1.0
204816415,59,43.1097359,12.3745472,1.0,0.0,1.0,1.0
205326635,59,43.1282516,12.4520504,0.0,0.0,3.0,3.0
205726525,59,42.9133265,12.5521352,0.0,0.0,20.0,1.0
205152043,59,43.0328394,12.4004409,0.0,0.0,3.0,3.0
205156159,59,43.0883812,12.3016015,0.0,1.0,20.0,3.0
204813354,58,43.127853,12.4028772,0.0,0.0,3.0,2.0
204807977,58,43.1230137,12.379729,1.0,0.0,3.0,1.0
204808509,58,43.1550755,12.5632874,0.0,1.0,20.0,1.0
204813867,57,43.073691,12.3329301,1.0,0.0,3.0,3.0
204817981,57,,,,,,
204811050,56,43.1705804,12.301151,0.0,1.0,3.0,2.0
204994070,56,43.116441,12.3902429,0.0,0.0,7.0,2.0
205863209,55,43.1067063,12.446977,0.0,0.0,3.0,1.0
53548073,55,43.1851243,12.6526876,0.0,0.0,3.0,1.0
205326633,55,43.1282516,12.4520504,0.0,0.0,3.0,1.0
204926231,55,42.9552031,12.7035119,0.0,1.0,7.0,3.0
205155883,55,,,,,,
204993085,54,43.0709503,12.5538615,0.0,1.0,20.0,1.0
51546113,54,,,,,,
77201412,54,,,,,,
204814122,54,43.1125075,12.3885998,0.0,0.0,3.0,2.0
204809259,53,43.0977264,12.3797116,1.0,0.0,3.0,3.0
35402,53,,,,,,
20577,52,,,,,,
204812064,52,43.092481,12.4238587,0.0,0.0,1.0,2.0
205380394,52,,,,,,
204947243,52,43.1106852,12.3890226,1.0,0.0,3.0,3.0
204812586,52,43.1067057,12.3880915,0.0,0.0,3.0,2.0
205147435,51,,,,,,
204817696,51,43.1151227,12.3987147,0.0,0.0,1.0,2.0
205812011,51,43.0164003,12.2909044,0.0,0.0,3.0,3.0
204814379,51,43.0846737,12.4211557,0.0,0.0,3.0,3.0
205598015,51,42.9826509,12.6727626,0.0,0.0,20.0,3.0
204926229,51,,,,,,
204809239,50,43.0977264,12.3797116,1.0,0.0,7.0,3.0
35362,50,,,,,,
49361,50,,,,,,
53548074,50,43.1851243,12.6526876,0.0,0.0,3.0,2.0
204815637,49,,,,,,
204815658,49,,,,,,
61043,49,,,,,,
205137216,49,43.0714242,12.6144917,0.0,0.0,20.0,4.0
204810785,48,43.2695976,12.3947986,0.0,0.0,1.0,3.0
204809238,47,43.0977264,12.3797116,1.0,0.0,7.0,2.0
204815904,47,43.1082445,12.3470483,1.0,0.0,1.0,2.0
205726506,47,,,,,,
204926250,47,42.9552031,12.7035119,0.0,1.0,3.0,2.0
205205291,46,42.8965845,12.3226187,0.0,1.0,3.0,3.0
205733694,46,43.0011511,12.4332594,0.0,0.0,20.0,2.0
205253438,46,43.0102082,12.495179,0.0,1.0,20.0,2.0
35438,46,,,,,,
205628203,46,42.7564331,12.7395827,0.0,1.0,3.0,3.0
205698345,45,,,,,,
205643070,45,43.213001,12.6740017,0.0,0.0,20.0,2.0
204993834,45,43.0995738,12.3640036,0.0,0.0,3.0,2.0
77154603,45,,,,,,
204816683,45,43.0938972,12.3997444,1.0,0.0,3.0,3.0
204927776,45,42.9505477,12.7212556,0.0,0.0,1.0,2.0
205856553,45,43.0875679,12.4359905,0.0,0.0,3.0,1.0
35617,45,,,,,,
204925760,44,,,,,,
4763,44,,,,,,
204977705,44,,,,,,
204818494,44,43.0173777,12.3610203,0.0,1.0,20.0,2.0
204809534,44,,,,,,
40133,43,,,,,,
205812001,42,43.0164003,12.2909044,0.0,0.0,1.0,3.0
204815657,42,43.1052732,12.3780629,0.0,0.0,3.0,1.0
20557,42,,,,,,
53476138,42,,,,,,
205553982,42,43.0700976,12.5005738,1.0,0.0,20.0,2.0
204809249,42,43.0977264,12.3797116,1.0,0.0,1.0,3.0
51513120,41,,,,,,
76958506,41,,,,,,
53013783,41,43.2966913,12.3411221,0.0,0.0,7.0,3.0
14989355,41,43.2696048,12.3947589,0.0,0.0,1.0,3.0
205289770,41,,,,,,
205817385,41,,,,,,
205870123,41,43.0699107,12.324744,1.0,0.0,3.0,3.0
77264415,41,,,,,,
205152062,41,43.0328394,12.4004409,0.0,0.0,20.0,2.0
204812065,41,43.092481,12.4238587,0.0,0.0,1.0,3.0
204814378,41,43.0846737,12.4211557,0.0,0.0,3.0,2.0
52924202,40,,,,,,
20339,40,,,,,,
8,40,,,,,,
205253929,40,43.095659,12.363572,0.0,1.0,3.0,1.0
205328446,40,43.1060038,12.5507948,0.0,1.0,20.0,2.0
51596545,40,,,,,,
205562400,40,42.9279232,12.5954064,0.0,1.0,1.0,2.0
14860321,40,43.29671,12.3411301,0.0,0.0,3.0,3.0
53514281,40,43.0845605,12.441332,0.0,0.0,3.0,1.0
205173053,40,43.1173583,12.224453,0.0,1.0,20.0,1.0
61092,40,,,,,,
204925759,40,,,,,,
204994091,39,43.116441,12.3902429,0.0,0.0,3.0,3.0
205328445,39,43.1060038,12.5507948,0.0,1.0,20.0,1.0
205478955,39,43.1393481,12.4618336,1.0,0.0,3.0,3.0
53548063,39,43.1851243,12.6526876,0.0,0.0,1.0,1.0
36622,39,,,,,,
205421077,39,43.0665877,12.6190324,0.0,0.0,7.0,1.0
14988595,39,43.3066621,12.327037,0.0,1.0,7.0,1.0
205725483,39,,,,,,
77141254,39,,,,,,
204810271,38,43.1122091,12.4528399,1.0,0.0,1.0,1.0
204815905,38,43.1082445,12.3470483,1.0,0.0,1.0,3.0
35477,38,,,,,,
20687,37,,,,,,
204816701,37,43.0938972,12.3997444,1.0,0.0,20.0,1.0
204947223,37,43.1106852,12.3890226,1.0,0.0,7.0,3.0
204947241,37,43.1106852,12.3890226,1.0,0.0,3.0,1.0
35545,37,,,,,,
204808746,37,43.0812911,12.3401264,1.0,0.0,3.0,2.0
53537067,37,,,,,,
205164074,37,,,,,,
205184042,37,,,,,,
14860340,37,43.29671,12.3411301,0.0,0.0,7.0,2.0
204814623,37,43.1108477,12.4067486,0.0,0.0,1.0,1.0
205328447,36,43.1060038,12.5507948,0.0,1.0,20.0,3.0
205262377,36,43.0807688,12.3502498,0.0,0.0,3.0,1.0
204813118,36,43.0919407,12.4758492,1.0,0.0,20.0,2.0
205520447,36,43.1249575,12.6448296,0.0,1.0,20.0,3.0
204812841,36,43.048687,12.3695514,0.0,0.0,3.0,1.0
205010731,36,42.7285138,12.748586,0.0,0.0,3.0,3.0
205770558,36,,,,,,
14787872,35,43.339882,12.3914593,0.0,0.0,3.0,2.0
53420841,35,,,,,,
35663,35,,,,,,
14860329,35,43.29671,12.3411301,0.0,0.0,1.0,1.0
204810262,35,43.1122091,12.4528399,1.0,0.0,7.0,2.0
53476139,35,,,,,,
205326613,35,43.1282516,12.4520504,0.0,0.0,7.0,1.0
204810025,34,43.1137519,12.392655,0.0,0.0,3.0,1.0
48981,34,,,,,,
204977706,34,,,,,,
204810273,34,43.1122091,12.4528399,1.0,0.0,1.0,3.0
35606,34,,,,,,
205252651,34,,,,,,
205380385,34,43.1472179,12.7647132,0.0,0.0,1.0,3.0
53420842,34,,,,,,
14860339,34,43.29671,12.3411301,0.0,0.0,7.0,1.0
205290045,34,,,,,,
51898666,34,,,,,,
205812267,33,,,,,,
204993823,33,43.0995738,12.3640036,0.0,0.0,1.0,1.0
14875701,33,43.4651365,12.2343822,1.0,0.0,7.0,3.0
205184033,33,,,,,,
36647,32,,,,,,
20615,32,,,,,,
205380926,32,,,,,,
51593515,32,,,,,,
39922,32,,,,,,
204812321,32,43.1164154,12.5108945,1.0,0.0,1.0,3.0
205261865,32,,,,,,
243,32,,,,,,
20696,31,,,,,,
204809533,31,43.1531597,12.4424849,1.0,0.0,20.0,1.0
205765438,31,,,,,,
204808993,31,43.0843628,12.4396546,1.0,0.0,1.0,3.0
205721643,31,,,,,,
49363,30,,,,,,
204993835,30,43.0995738,12.3640036,0.0,0.0,3.0,3.0
205231659,30,,,,,,
204812073,30,43.092481,12.4238587,0.0,0.0,3.0,1.0
204991765,30,42.9665745,12.6975887,0.0,0.0,7.0,1.0
61281,30,,,,,,
205137214,30,43.0714242,12.6144917,0.0,0.0,20.0,2.0
205851433,30,43.0786764,12.3365723,0.0,0.0,3.0,1.0
205164093,30,42.8670412,12.7324777,0.0,0.0,20.0,1.0
204808727,30,43.0812911,12.3401264,1.0,0.0,7.0,3.0
77350917,30,,,,,,
35690,30,,,,,,
205327934,29,43.0418699,12.6271294,0.0,0.0,20.0,2.0
205205269,29,42.8965845,12.3226187,0.0,1.0,7.0,1.0
204811307,29,,,,,,
205812009,29,,,,,,
205223978,29,43.2823457,12.7842308,0.0,1.0,3.0,2.0
204928810,29,,,,,,
33334,29,,,,,,
205983531,28,,,,,,
205836821,28,43.1216889,12.3741301,0.0,0.0,7.0,1.0
205252415,28,43.1822317,12.4272088,0.0,0.0,20.0,3.0
77191941,28,,,,,,
76958505,28,,,,,,
53013793,28,43.2966913,12.3411221,0.0,0.0,1.0,3.0
53514271,28,43.0845605,12.441332,0.0,0.0,1.0,1.0
52842282,28,,,,,,
205658154,28,,,,,,
53514272,28,43.0845605,12.441332,0.0,0.0,1.0,2.0
204947235,27,,,,,,
604,27,,,,,,
35657,27,,,,,,
35433,27,,,,,,
51596547,27,,,,,,
205665312,27,,,,,,
204809257,27,43.0977264,12.3797116,1.0,0.0,3.0,1.0
205626174,27,,,,,,
76855299,27,,,,,,
53873982,26,,,,,,
51513130,26,,,,,,
14988585,26,43.3066621,12.327037,0.0,1.0,1.0,1.0
205417515,26,43.2153212,12.7857906,0.0,0.0,3.0,3.0
313,26,,,,,,
22623,26,,,,,,
204831806,26,,,,,,
204810263,26,43.1122091,12.4528399,1.0,0.0,7.0,3.0
77201409,26,,,,,,
77233412,25,,,,,,
204815903,25,43.1082445,12.3470483,1.0,0.0,1.0,1.0
204851517,25,43.0265502,12.4383686,0.0,0.0,20.0,1.0
204808983,25,43.0843628,12.4396546,1.0,0.0,7.0,3.0
77401604,24,,,,,,
77350918,24,,,,,,
205520427,24,43.1249575,12.6448296,0.0,1.0,3.0,3.0
205643071,24,43.213001,12.6740017,0.0,0.0,20.0,3.0
205645865,24,,,,,,
14860341,24,43.29671,12.3411301,0.0,0.0,7.0,3.0
51479556,24,,,,,,
35547,24,,,,,,
204814870,24,43.1195188,12.3786223,0.0,0.0,7.0,2.0
77204226,23,,,,,,
36646,23,,,,,,
204809248,23,43.0977264,12.3797116,1.0,0.0,1.0,2.0
205483563,23,,,,,,
204817450,23,43.0981463,12.3934187,1.0,0.0,3.0,2.0
48982,23,,,,,,
205339433,23,,,,,,
204810027,23,,,,,,
204927295,23,42.9359906,12.7246432,0.0,1.0,20.0,3.0
51520773,23,,,,,,
14860299,23,43.29671,12.3411301,0.0,0.0,20.0,1.0
205232681,23,,,,,,
41994,23,,,,,,
205151520,23,43.2376173,12.7737143,0.0,0.0,1.0,2.0
205163840,23,42.9970786,12.5828131,0.0,0.0,20.0,4.0
205159722,23,,,,,,
149,23,,,,,,
205712939,23,,,,,,
51479557,23,,,,,,
205380650,23,,,,,,
205520190,22,,,,,,
204993088,22,43.0709503,12.5538615,0.0,1.0,20.0,4.0
39923,22,,,,,,
77460267,22,,,,,,
77517828,22,,,,,,
205289759,22,,,,,,
53013802,22,,,,,,
35598,22,,,,,,
35434,22,,,,,,
26453,22,,,,,,
204814624,22,43.1108477,12.4067486,0.0,0.0,1.0,2.0
204817449,21,43.0981463,12.3934187,1.0,0.0,3.0,1.0
204808992,21,43.0843628,12.4396546,1.0,0.0,1.0,2.0
205743677,21,,,,,,
53537066,21,,,,,,
204947233,21,43.1106852,12.3890226,1.0,0.0,1.0,3.0
205642813,21,,,,,,
205253664,21,,,,,,
14882603,21,43.4569904,12.238268,0.0,0.0,1.0,3.0
204817962,21,43.0807438,12.3502513,0.0,0.0,3.0,2.0
204813629,21,43.1166255,12.4011548,0.0,0.0,20.0,1.0
205326654,21,43.1282516,12.4520504,0.0,0.0,20.0,2.0
205417514,21,,,,,,
77191940,20,,,,,,
52998955,20,43.0936901,12.4467966,0.0,0.0,3.0,3.0
53548064,20,43.1851243,12.6526876,0.0,0.0,1.0,2.0
205727529,20,,,,,,
205151550,20,43.2376173,12.7737143,0.0,0.0,20.0,2.0
205159712,20,,,,,,
205804329,20,,,,,,
205856297,20,,,,,,
77233415,20,,,,,,
14987305,20,43.3291986,12.2477222,0.0,1.0,1.0,1.0
205812265,20,,,,,,
14988586,20,43.3066621,12.327037,0.0,1.0,1.0,2.0
204818476,20,43.0173777,12.3610203,0.0,1.0,3.0,4.0
205704226,20,,,,,,
205119806,20,43.0629682,12.5803856,0.0,0.0,20.0,2.0
77421098,19,,,,,,
652,19,,,,,,
205828127,19,43.0019447,12.6797372,0.0,0.0,1.0,1.0
205851413,19,43.0786764,12.3365723,0.0,0.0,7.0,1.0
205851434,19,43.0786764,12.3365723,0.0,0.0,3.0,2.0
205380415,19,43.1472179,12.7647132,0.0,0.0,20.0,3.0
204813866,19,43.073691,12.3329301,1.0,0.0,3.0,2.0
204814869,19,43.1195188,12.3786223,0.0,0.0,7.0,1.0
204811325,19,43.0646811,12.3009178,0.0,0.0,20.0,1.0
14889247,19,43.3898028,12.2590538,0.0,0.0,3.0,1.0
53013781,19,43.2966913,12.3411221,0.0,0.0,7.0,1.0
205119807,19,43.0629682,12.5803856,0.0,0.0,20.0,3.0
205156157,19,43.0883812,12.3016015,0.0,1.0,20.0,1.0
53744701,19,43.0942503,12.4028316,0.0,0.0,20.0,1.0
51765290,19,,,,,,
77504770,19,,,,,,
205624126,19,,,,,,
205733693,18,43.0011511,12.4332594,0.0,0.0,20.0,1.0
205983521,18,,,,,,
205763902,18,43.1223454,12.3100746,0.0,1.0,20.0,2.0
51910,18,,,,,,
205154366,18,43.1207673,12.2892289,0.0,0.0,20.0,2.0
205194785,18,,,,,,
205721387,18,,,,,,
205155882,18,,,,,,
14886175,18,43.3675026,12.2386184,0.0,0.0,3.0,1.0
14882848,18,43.458647,12.2539568,0.0,1.0,3.0,2.0
35558,18,,,,,,
205645866,18,,,,,,
205231647,18,,,,,,
41995,18,,,,,,
205144617,17,43.1063446,12.3602132,0.0,0.0,3.0,1.0
204,17,,,,,,
204993825,17,43.0995738,12.3640036,0.0,0.0,1.0,3.0
205520189,17,,,,,,
205211455,17,,,,,,
35693,17,,,,,,
205119805,17,43.0629682,12.5803856,0.0,0.0,20.0,1.0
205604925,17,,,,,,
204993086,17,43.0709503,12.5538615,0.0,1.0,20.0,2.0
205195051,17,43.1145728,12.360057,0.0,0.0,3.0,3.0
5293,17,,,,,,
205559851,17,43.0879695,12.3662418,0.0,0.0,3.0,3.0
2284,17,,,,,,
205862954,17,43.2019452,12.5228562,0.0,0.0,3.0,2.0
35334,17,,,,,,
205173054,17,,,,,,
205151529,17,,,,,,
205147689,16,,,,,,
205512765,16,,,,,,
33503,16,,,,,,
35349,16,,,,,,
14889259,16,43.3898028,12.2590538,0.0,0.0,1.0,3.0
42015,16,,,,,,
204814653,16,43.1108477,12.4067486,0.0,0.0,20.0,1.0
205328170,16,,,,,,
35411,16,,,,,,
204928319,16,,,,,,
204808737,16,43.0812911,12.3401264,1.0,0.0,1.0,3.0
205154335,16,43.1207673,12.2892289,0.0,0.0,1.0,1.0
205159721,16,,,,,,
205734974,16,43.2262265,12.5622751,0.0,1.0,20.0,2.0
205645846,16,,,,,,
14877758,16,43.353177,12.2982148,0.0,0.0,28.0,2.0
51580933,16,,,,,,
205483818,16,,,,,,
204947231,16,43.1106852,12.3890226,1.0,0.0,1.0,1.0
204809021,16,43.0843628,12.4396546,1.0,0.0,20.0,1.0
204929085,16,,,,,,
204994071,15,43.116441,12.3902429,0.0,0.0,7.0,3.0
77141506,15,,,,,,
205194786,15,,,,,,
205184318,15,,,,,,
200,15,,,,,,
175,15,,,,,,
76958507,15,,,,,,
205717822,15,43.1654339,12.5896831,0.0,1.0,20.0,2.0
205155874,15,,,,,,
60951,15,,,,,,
205642814,15,,,,,,
205223998,15,43.2823457,12.7842308,0.0,1.0,20.0,2.0
14889229,15,43.3898028,12.2590538,0.0,0.0,20.0,3.0
204927274,15,42.9359906,12.7246432,0.0,1.0,3.0,2.0
14875700,15,43.4651365,12.2343822,1.0,0.0,7.0,2.0
205118240,15,43.096656,12.3174745,1.0,0.0,1.0,2.0
205628201,15,,,,,,
205642559,15,42.9825783,12.4197576,0.0,0.0,20.0,3.0
35658,15,,,,,,
35605,15,,,,,,
205483561,15,,,,,,
204811326,15,43.0646811,12.3009178,0.0,0.0,20.0,2.0
205450539,15,,,,,,
14875691,15,43.4651365,12.2343822,1.0,0.0,1.0,3.0
35397,15,,,,,,
204816445,15,43.1097359,12.3745472,1.0,0.0,20.0,1.0
205308221,15,,,,,,
48983,15,,,,,,
204809237,14,,,,,,
205307965,14,42.8160042,12.76219,1.0,0.0,20.0,1.0
204815402,14,43.1079637,12.3842233,0.0,0.0,3.0,2.0
205326891,14,42.7405216,12.7398927,1.0,0.0,3.0,3.0
205194814,14,,,,,,
205195049,14,43.1145728,12.360057,0.0,0.0,3.0,1.0
205725481,14,,,,,,
205118271,14,43.096656,12.3174745,1.0,0.0,20.0,3.0
204841514,14,43.0917163,12.3323425,0.0,0.0,3.0,2.0
204818495,14,43.0173777,12.3610203,0.0,1.0,20.0,3.0
204815933,14,43.1082445,12.3470483,1.0,0.0,20.0,1.0
205173289,14,,,,,,
205122601,14,,,,,,
39931,14,,,,,,
205080875,14,,,,,,
205658155,14,,,,,,
77201411,14,,,,,,
205202986,14,,,,,,
205649194,14,,,,,,
205205309,14,,,,,,
205624638,13,,,,,,
205184317,13,,,,,,
205553983,13,43.0700976,12.5005738,1.0,0.0,20.0,3.0
205830206,13,,,,,,
14682665,13,43.4502291,12.2340814,0.0,0.0,1.0,1.0
205642530,13,,,,,,
77401610,13,,,,,,
20362,13,,,,,,
35359,13,,,,,,
205289761,13,,,,,,
205983520,13,,,,,,
204813119,13,43.0919407,12.4758492,1.0,0.0,20.0,3.0
244,13,,,,,,
204810303,13,,,,,,
204993824,13,43.0995738,12.3640036,0.0,0.0,1.0,2.0
267,12,,,,,,
205810987,12,,,,,,
205144597,12,43.1063446,12.3602132,0.0,0.0,7.0,1.0
204812862,12,43.048687,12.3695514,0.0,0.0,20.0,2.0
205450537,12,,,,,,
33566,12,,,,,,
51805717,12,,,,,,
35483,12,,,,,,
204811563,12,43.0745199,12.3794648,0.0,0.0,3.0,3.0
205173290,12,,,,,,
205142313,12,,,,,,
61252,12,,,,,,
51918,12,,,,,,
205205271,12,42.8965845,12.3226187,0.0,1.0,7.0,3.0
205983519,12,,,,,,
205678910,12,,,,,,
4767,11,,,,,,
208,11,,,,,,
52611881,11,,,,,,
14882611,11,43.4569904,12.238268,0.0,0.0,7.0,1.0
204818496,11,43.0173777,12.3610203,0.0,1.0,20.0,4.0
205290046,11,,,,,,
14882857,11,43.458647,12.2539568,0.0,1.0,1.0,1.0
51520774,11,,,,,,
35350,11,,,,,,
204809247,11,43.0977264,12.3797116,1.0,0.0,1.0,1.0
204810813,11,,,,,,
205417513,11,,,,,,
205421589,11,43.0701026,12.6188161,0.0,0.0,7.0,1.0
14860349,11,43.29671,12.3411301,0.0,0.0,28.0,1.0
5074,11,,,,,,
205856298,11,43.0723211,12.3469168,1.0,0.0,3.0,2.0
205850921,11,43.0966753,12.3865105,0.0,0.0,3.0,1.0
77233409,11,,,,,,
204811837,11,43.0703146,12.4034073,1.0,0.0,20.0,1.0
53013782,11,,,,,,
205195050,11,43.1145728,12.360057,0.0,0.0,3.0,2.0
53013791,11,43.2966913,12.3411221,0.0,0.0,1.0,1.0
204808214,11,43.1134796,12.3792238,0.0,0.0,7.0,2.0
204998697,11,,,,,,
205704253,11,,,,,,
64221,11,,,,,,
6305518,11,,,,,,
205010730,11,,,,,,
14787873,11,43.339882,12.3914593,0.0,0.0,3.0,3.0
205598505,11,,,,,,
205605162,11,,,,,,
205224254,11,,,,,,
204993087,11,43.0709503,12.5538615,0.0,1.0,20.0,3.0
14889248,11,43.3898028,12.2590538,0.0,0.0,3.0,2.0
2283,10,,,,,,
4475,10,,,,,,
205367594,10,,,,,,
205836841,10,43.1216889,12.3741301,0.0,0.0,3.0,1.0
205816874,10,,,,,,
14987275,10,43.3291986,12.2477222,0.0,1.0,20.0,1.0
20805,10,,,,,,
205380925,10,,,,,,
35559,10,,,,,,
204815935,10,43.1082445,12.3470483,1.0,0.0,20.0,3.0
204817429,10,43.0981463,12.3934187,1.0,0.0,7.0,1.0
14988556,10,43.3066621,12.327037,0.0,1.0,20.0,2.0
204812320,10,43.1164154,12.5108945,1.0,0.0,1.0,2.0
205478975,10,43.1393481,12.4618336,1.0,0.0,20.0,3.0
35478,10,,,,,,
14787852,10,43.339882,12.3914593,0.0,0.0,20.0,2.0
204809022,10,43.0843628,12.4396546,1.0,0.0,20.0,2.0
205520169,10,,,,,,
205255211,10,,,,,,
14877729,10,43.353177,12.2982148,0.0,0.0,3.0,3.0
204851518,10,43.0265502,12.4383686,0.0,0.0,20.0,2.0
51546114,10,,,,,,
205307948,10,,,,,,
35338,10,,,,,,
205231649,10,,,,,,
205231648,10,,,,,,
205223968,10,43.2823457,12.7842308,0.0,1.0,1.0,2.0
205598014,10,,,,,,
63452,10,,,,,,
205598506,10,,,,,,
205010729,10,,,,,,
6356189,10,,,,,,
36633,10,,,,,,
36686,10,,,,,,
205010751,10,,,,,,
36643,10,,,,,,
205123883,10,,,,,,
205205290,10,,,,,,
205721386,10,,,,,,
205164095,10,,,,,,
77154592,10,,,,,,
77421097,10,,,,,,
205194783,10,43.1515051,12.2005736,0.0,1.0,1.0,1.0
205173801,10,,,,,,
205765437,10,,,,,,
205154347,10,,,,,,
53548093,10,43.1851243,12.6526876,0.0,0.0,20.0,1.0
