cell_id,bs_lat,bs_lon,plmn,name,bs_is_5g,bs_has_dss,bs_band,bs_sector,bs_band_num,bs_sector_num,bs_bands_all,source_file,dem_alt_m,dem_file
52894507,43.3449255,12.501708,22201,B3 S3 Gubbio Loc. San Martino in Colle,0,0,B3,S3,3.0,3.0,B3,tim_lteitaly.clf,629.8947143554688,w48075_s10.tif
52894527,43.3449255,12.501708,22201,B20 S3 Gubbio Loc. San Martino in Colle,0,0,B20,S3,20.0,3.0,B20,tim_lteitaly.clf,629.8947143554688,w48075_s10.tif
52998953,43.0936901,12.4467966,22201,B3 S1 Perugia Ponte San Giovanni Strada di Monte Vile,0,0,B3,S1,3.0,1.0,B3,tim_lteitaly.clf,189.9716033935547,w47575_s10.tif
52998954,43.0936901,12.4467966,22201,B3 S2 Perugia Ponte San Giovanni Strada di Monte Vile,0,0,B3,S2,3.0,2.0,B3,tim_lteitaly.clf,189.9716033935547,w47575_s10.tif
52998955,43.0936901,12.4467966,22201,B3 S3 Perugia Ponte San Giovanni Strada di Monte Vile,0,0,B3,S3,3.0,3.0,B3,tim_lteitaly.clf,189.9716033935547,w47575_s10.tif
53013781,43.2966913,12.3411221,22201,B7 S1 Umbertide ZI Via dei Carrai,0,0,B7,S1,7.0,1.0,B7,tim_lteitaly.clf,238.55259704589844,w47575_s10.tif
53013783,43.2966913,12.3411221,22201,B7 S3 Umbertide ZI Via dei Carrai,0,0,B7,S3,7.0,3.0,B7,tim_lteitaly.clf,238.55259704589844,w47575_s10.tif
53013791,43.2966913,12.3411221,22201,B1 S1 Umbertide ZI Via dei Carrai,0,0,B1,S1,1.0,1.0,B1,tim_lteitaly.clf,238.55259704589844,w47575_s10.tif
53013793,43.2966913,12.3411221,22201,B1 S3 Umbertide ZI Via dei Carrai,0,0,B1,S3,1.0,3.0,B1,tim_lteitaly.clf,238.55259704589844,w47575_s10.tif
53013801,43.2966913,12.3411221,22201,B3 S1 Umbertide ZI Via dei Carrai,0,0,B3,S1,3.0,1.0,B3,tim_lteitaly.clf,238.55259704589844,w47575_s10.tif
53013803,43.2966913,12.3411221,22201,B3 S3 Umbertide ZI Via dei Carrai,0,0,B3,S3,3.0,3.0,B3,tim_lteitaly.clf,238.55259704589844,w47575_s10.tif
53013823,43.2966913,12.3411221,22201,B20 S3 Umbertide ZI Via dei Carrai,0,0,B20,S3,20.0,3.0,B20,tim_lteitaly.clf,238.55259704589844,w47575_s10.tif
53219901,43.0545009,12.3402391,22201,B20 S1 DSS Perugia Loc. Pila,0,1,B20,S1,20.0,1.0,B20,tim_lteitaly.clf,291.82489013671875,w47575_s10.tif
53219903,43.0545009,12.3402391,22201,B20 S3 DSS Perugia Loc. Pila,0,1,B20,S3,20.0,3.0,B20,tim_lteitaly.clf,291.82489013671875,w47575_s10.tif
53431071,43.0506719,12.560037,22201,B1 S1 Assisi ZI Santa Maria degli Angeli,0,0,B1,S1,1.0,1.0,B1,tim_lteitaly.clf,200.10870361328125,w47575_s10.tif
53431072,43.0506719,12.560037,22201,B1 S2 Assisi ZI Santa Maria degli Angeli,0,0,B1,S2,1.0,2.0,B1,tim_lteitaly.clf,200.10870361328125,w47575_s10.tif
53431073,43.0506719,12.560037,22201,B1 S3 Assisi ZI Santa Maria degli Angeli,0,0,B1,S3,1.0,3.0,B1,tim_lteitaly.clf,200.10870361328125,w47575_s10.tif
53431081,43.0506719,12.560037,22201,B3 S1 Assisi ZI Santa Maria degli Angeli,0,0,B3,S1,3.0,1.0,B3,tim_lteitaly.clf,200.10870361328125,w47575_s10.tif
53431082,43.0506719,12.560037,22201,B3 S2 Assisi ZI Santa Maria degli Angeli,0,0,B3,S2,3.0,2.0,B3,tim_lteitaly.clf,200.10870361328125,w47575_s10.tif
53431083,43.0506719,12.560037,22201,B3 S3 Assisi ZI Santa Maria degli Angeli,0,0,B3,S3,3.0,3.0,B3,tim_lteitaly.clf,200.10870361328125,w47575_s10.tif
53431101,43.0506719,12.560037,22201,B20 S1 Assisi ZI Santa Maria degli Angeli,0,0,B20,S1,20.0,1.0,B20,tim_lteitaly.clf,200.10870361328125,w47575_s10.tif
53431102,43.0506719,12.560037,22201,B20 S2 Assisi ZI Santa Maria degli Angeli,0,0,B20,S2,20.0,2.0,B20,tim_lteitaly.clf,200.10870361328125,w47575_s10.tif
53431103,43.0506719,12.560037,22201,B20 S3 Assisi ZI Santa Maria degli Angeli,0,0,B20,S3,20.0,3.0,B20,tim_lteitaly.clf,200.10870361328125,w47575_s10.tif
53514271,43.0845605,12.441332,22201,B1 S1 Perugia ZI Molinaccio,0,0,B1,S1,1.0,1.0,B1,tim_lteitaly.clf,189.59829711914062,w47575_s10.tif
53514272,43.0845605,12.441332,22201,B1 S2 Perugia ZI Molinaccio,0,0,B1,S2,1.0,2.0,B1,tim_lteitaly.clf,189.59829711914062,w47575_s10.tif
53514281,43.0845605,12.441332,22201,B3 S1 Perugia ZI Molinaccio,0,0,B3,S1,3.0,1.0,B3,tim_lteitaly.clf,189.59829711914062,w47575_s10.tif
53514282,43.0845605,12.441332,22201,B3 S2 Perugia ZI Molinaccio,0,0,B3,S2,3.0,2.0,B3,tim_lteitaly.clf,189.59829711914062,w47575_s10.tif
53514301,43.0845605,12.441332,22201,B20 S1 Perugia ZI Molinaccio,0,0,B20,S1,20.0,1.0,B20,tim_lteitaly.clf,189.59829711914062,w47575_s10.tif
53514302,43.0845605,12.441332,22201,B20 S2 Perugia ZI Molinaccio,0,0,B20,S2,20.0,2.0,B20,tim_lteitaly.clf,189.59829711914062,w47575_s10.tif
53548063,43.1851243,12.6526876,22201,B1 S1 Casacastalda Vocabolo Montespinoso,0,0,B1,S1,1.0,1.0,B1,tim_lteitaly.clf,652.4677734375,w47575_s10.tif
53548064,43.1851243,12.6526876,22201,B1 S2 Casacastalda Vocabolo Montespinoso,0,0,B1,S2,1.0,2.0,B1,tim_lteitaly.clf,652.4677734375,w47575_s10.tif
53548065,43.1851243,12.6526876,22201,B1 S3 Casacastalda Vocabolo Montespinoso,0,0,B1,S3,1.0,3.0,B1,tim_lteitaly.clf,652.4677734375,w47575_s10.tif
53548073,43.1851243,12.6526876,22201,B3 S1 Casacastalda Vocabolo Montespinoso,0,0,B3,S1,3.0,1.0,B3,tim_lteitaly.clf,652.4677734375,w47575_s10.tif
53548074,43.1851243,12.6526876,22201,B3 S2 Casacastalda Vocabolo Montespinoso,0,0,B3,S2,3.0,2.0,B3,tim_lteitaly.clf,652.4677734375,w47575_s10.tif
53548075,43.1851243,12.6526876,22201,B3 S3 Casacastalda Vocabolo Montespinoso,0,0,B3,S3,3.0,3.0,B3,tim_lteitaly.clf,652.4677734375,w47575_s10.tif
53548093,43.1851243,12.6526876,22201,B20 S1 Casacastalda Vocabolo Montespinoso,0,0,B20,S1,20.0,1.0,B20,tim_lteitaly.clf,652.4677734375,w47575_s10.tif
53744681,43.0942503,12.4028316,22201,B3 S1 Perugia Galleria Pallotta,0,0,B3,S1,3.0,1.0,B3,tim_lteitaly.clf,310.5356140136719,w47575_s10.tif
53744701,43.0942503,12.4028316,22201,B20 S1 Perugia Galleria Pallotta,0,0,B20,S1,20.0,1.0,B20,tim_lteitaly.clf,310.5356140136719,w47575_s10.tif
204807977,43.1230137,12.379729,22201,B3 S1 5G Perugia IRITEL Via Monterapido,1,0,B3,S1,3.0,1.0,B3,tim_lteitaly.clf,484.9750061035156,w47575_s10.tif
204807978,43.1230137,12.379729,22201,B3 S2 5G Perugia IRITEL Via Monterapido,1,0,B3,S2,3.0,2.0,B3,tim_lteitaly.clf,484.9750061035156,w47575_s10.tif
204807997,43.1230137,12.379729,22201,B20 S1 5G Perugia IRITEL Via Monterapido,1,0,B20,S1,20.0,1.0,B20,tim_lteitaly.clf,484.9750061035156,w47575_s10.tif
204808213,43.1134796,12.3792238,22201,B7 S1 Perugia Telecom Via del Coppetta,0,0,B7,S1,7.0,1.0,B7,tim_lteitaly.clf,379.52191162109375,w47575_s10.tif
204808214,43.1134796,12.3792238,22201,B7 S2 Perugia Telecom Via del Coppetta,0,0,B7,S2,7.0,2.0,B7,tim_lteitaly.clf,379.52191162109375,w47575_s10.tif
204808215,43.1134796,12.3792238,22201,B7 S3 Perugia Telecom Via del Coppetta,0,0,B7,S3,7.0,3.0,B7,tim_lteitaly.clf,379.52191162109375,w47575_s10.tif
204808233,43.1134796,12.3792238,22201,B3 S1 Perugia Telecom Via del Coppetta,0,0,B3,S1,3.0,1.0,B3,tim_lteitaly.clf,379.52191162109375,w47575_s10.tif
204808234,43.1134796,12.3792238,22201,B3 S2 Perugia Telecom Via del Coppetta,0,0,B3,S2,3.0,2.0,B3,tim_lteitaly.clf,379.52191162109375,w47575_s10.tif
204808235,43.1134796,12.3792238,22201,B3 S3 Perugia Telecom Via del Coppetta,0,0,B3,S3,3.0,3.0,B3,tim_lteitaly.clf,379.52191162109375,w47575_s10.tif
204808489,43.1550755,12.5632874,22201,B3 S1 DSS Valfabbrica Loc. Monteverde,0,1,B3,S1,3.0,1.0,B3,tim_lteitaly.clf,531.4251708984375,w47575_s10.tif
204808490,43.1550755,12.5632874,22201,B3 S2 DSS Valfabbrica Loc. Monteverde,0,1,B3,S2,3.0,2.0,B3,tim_lteitaly.clf,531.4251708984375,w47575_s10.tif
204808509,43.1550755,12.5632874,22201,B20 S1 DSS Valfabbrica Loc. Monteverde,0,1,B20,S1,20.0,1.0,B20,tim_lteitaly.clf,531.4251708984375,w47575_s10.tif
204808510,43.1550755,12.5632874,22201,B20 S2 DSS Valfabbrica Loc. Monteverde,0,1,B20,S2,20.0,2.0,B20,tim_lteitaly.clf,531.4251708984375,w47575_s10.tif
204808727,43.0812911,12.3401264,22201,B7 S3 5G Perugia San Sisto Telecom,1,0,B7,S3,7.0,3.0,B7,tim_lteitaly.clf,262.9696960449219,w47575_s10.tif
204808737,43.0812911,12.3401264,22201,B1 S3 5G Perugia San Sisto Telecom,1,0,B1,S3,1.0,3.0,B1,tim_lteitaly.clf,262.9696960449219,w47575_s10.tif
204808746,43.0812911,12.3401264,22201,B3 S2 5G Perugia San Sisto Telecom,1,0,B3,S2,3.0,2.0,B3,tim_lteitaly.clf,262.9696960449219,w47575_s10.tif
204808747,43.0812911,12.3401264,22201,B3 S3 5G Perugia San Sisto Telecom,1,0,B3,S3,3.0,3.0,B3,tim_lteitaly.clf,262.9696960449219,w47575_s10.tif
204808981,43.0843628,12.4396546,22201,B7 S1 5G Perugia Ponte San Giovanni ZI,1,0,B7,S1,7.0,1.0,B7,tim_lteitaly.clf,190.8341064453125,w47575_s10.tif
204808982,43.0843628,12.4396546,22201,B7 S2 5G Perugia Ponte San Giovanni ZI,1,0,B7,S2,7.0,2.0,B7,tim_lteitaly.clf,190.8341064453125,w47575_s10.tif
204808983,43.0843628,12.4396546,22201,B7 S3 5G Perugia Ponte San Giovanni ZI,1,0,B7,S3,7.0,3.0,B7,tim_lteitaly.clf,190.8341064453125,w47575_s10.tif
204808991,43.0843628,12.4396546,22201,B1 S1 5G Perugia Ponte San Giovanni ZI,1,0,B1,S1,1.0,1.0,B1,tim_lteitaly.clf,190.8341064453125,w47575_s10.tif
204808992,43.0843628,12.4396546,22201,B1 S2 5G Perugia Ponte San Giovanni ZI,1,0,B1,S2,1.0,2.0,B1,tim_lteitaly.clf,190.8341064453125,w47575_s10.tif
204808993,43.0843628,12.4396546,22201,B1 S3 5G Perugia Ponte San Giovanni ZI,1,0,B1,S3,1.0,3.0,B1,tim_lteitaly.clf,190.8341064453125,w47575_s10.tif
204809001,43.0843628,12.4396546,22201,B3 S1 5G Perugia Ponte San Giovanni ZI,1,0,B3,S1,3.0,1.0,B3,tim_lteitaly.clf,190.8341064453125,w47575_s10.tif
204809002,43.0843628,12.4396546,22201,B3 S2 5G Perugia Ponte San Giovanni ZI,1,0,B3,S2,3.0,2.0,B3,tim_lteitaly.clf,190.8341064453125,w47575_s10.tif
204809003,43.0843628,12.4396546,22201,B3 S3 5G Perugia Ponte San Giovanni ZI,1,0,B3,S3,3.0,3.0,B3,tim_lteitaly.clf,190.8341064453125,w47575_s10.tif
204809021,43.0843628,12.4396546,22201,B20 S1 5G Perugia Ponte San Giovanni ZI,1,0,B20,S1,20.0,1.0,B20,tim_lteitaly.clf,190.8341064453125,w47575_s10.tif
204809022,43.0843628,12.4396546,22201,B20 S2 5G Perugia Ponte San Giovanni ZI,1,0,B20,S2,20.0,2.0,B20,tim_lteitaly.clf,190.8341064453125,w47575_s10.tif
204809023,43.0843628,12.4396546,22201,B20 S3 5G Perugia Ponte San Giovanni ZI,1,0,B20,S3,20.0,3.0,B20,tim_lteitaly.clf,190.8341064453125,w47575_s10.tif
204809238,43.0977264,12.3797116,22201,B7 S2 5G Perugia Via Costa di Prepo,1,0,B7,S2,7.0,2.0,B7,tim_lteitaly.clf,341.58428955078125,w47575_s10.tif
204809239,43.0977264,12.3797116,22201,B7 S3 5G Perugia Via Costa di Prepo,1,0,B7,S3,7.0,3.0,B7,tim_lteitaly.clf,341.58428955078125,w47575_s10.tif
204809247,43.0977264,12.3797116,22201,B1 S1 5G Perugia Via Costa di Prepo,1,0,B1,S1,1.0,1.0,B1,tim_lteitaly.clf,341.58428955078125,w47575_s10.tif
204809248,43.0977264,12.3797116,22201,B1 S2 5G Perugia Via Costa di Prepo,1,0,B1,S2,1.0,2.0,B1,tim_lteitaly.clf,341.58428955078125,w47575_s10.tif
204809249,43.0977264,12.3797116,22201,B1 S3 5G Perugia Via Costa di Prepo,1,0,B1,S3,1.0,3.0,B1,tim_lteitaly.clf,341.58428955078125,w47575_s10.tif
204809257,43.0977264,12.3797116,22201,B3 S1 5G Perugia Via Costa di Prepo,1,0,B3,S1,3.0,1.0,B3,tim_lteitaly.clf,341.58428955078125,w47575_s10.tif
204809258,43.0977264,12.3797116,22201,B3 S2 5G Perugia Via Costa di Prepo,1,0,B3,S2,3.0,2.0,B3,tim_lteitaly.clf,341.58428955078125,w47575_s10.tif
204809259,43.0977264,12.3797116,22201,B3 S3 5G Perugia Via Costa di Prepo,1,0,B3,S3,3.0,3.0,B3,tim_lteitaly.clf,341.58428955078125,w47575_s10.tif
204809503,43.1531597,12.4424849,22201,B1 S1 5G Perugia Loc. Villa Pitignano,1,0,B1,S1,1.0,1.0,B1,tim_lteitaly.clf,401.8262939453125,w47575_s10.tif
204809504,43.1531597,12.4424849,22201,B1 S2 5G Perugia Loc. Villa Pitignano,1,0,B1,S2,1.0,2.0,B1,tim_lteitaly.clf,401.8262939453125,w47575_s10.tif
204809505,43.1531597,12.4424849,22201,B1 S3 5G Perugia Loc. Villa Pitignano,1,0,B1,S3,1.0,3.0,B1,tim_lteitaly.clf,401.8262939453125,w47575_s10.tif
204809513,43.1531597,12.4424849,22201,B3 S1 5G Perugia Loc. Villa Pitignano,1,0,B3,S1,3.0,1.0,B3,tim_lteitaly.clf,401.8262939453125,w47575_s10.tif
204809514,43.1531597,12.4424849,22201,B3 S2 5G Perugia Loc. Villa Pitignano,1,0,B3,S2,3.0,2.0,B3,tim_lteitaly.clf,401.8262939453125,w47575_s10.tif
204809515,43.1531597,12.4424849,22201,B3 S3 5G Perugia Loc. Villa Pitignano,1,0,B3,S3,3.0,3.0,B3,tim_lteitaly.clf,401.8262939453125,w47575_s10.tif
204809533,43.1531597,12.4424849,22201,B20 S1 5G Perugia Loc. Villa Pitignano,1,0,B20,S1,20.0,1.0,B20,tim_lteitaly.clf,401.8262939453125,w47575_s10.tif
204809769,43.0465576,12.2455781,22201,B3 S1 Perugia Fraz. San Martino dei Colli,0,0,B3,S1,3.0,1.0,B3,tim_lteitaly.clf,335.4814147949219,w47575_s10.tif
204809771,43.0465576,12.2455781,22201,B3 S3 Perugia Fraz. San Martino dei Colli,0,0,B3,S3,3.0,3.0,B3,tim_lteitaly.clf,335.4814147949219,w47575_s10.tif
204809791,43.0465576,12.2455781,22201,B20 S3 Perugia Fraz. San Martino dei Colli,0,0,B20,S3,20.0,3.0,B20,tim_lteitaly.clf,335.4814147949219,w47575_s10.tif
204810025,43.1137519,12.392655,22201,B3 S1 Perugia,0,0,B3,S1,3.0,1.0,B3,tim_lteitaly.clf,467.6153869628906,w47575_s10.tif
204810026,43.1137519,12.392655,22201,B3 S2 Perugia,0,0,B3,S2,3.0,2.0,B3,tim_lteitaly.clf,467.6153869628906,w47575_s10.tif
204810261,43.1122091,12.4528399,22201,B7 S1 5G Ponte Valle Ceppi Telecom,1,0,B7,S1,7.0,1.0,B7,tim_lteitaly.clf,191.81739807128906,w47575_s10.tif
204810262,43.1122091,12.4528399,22201,B7 S2 5G Ponte Valle Ceppi Telecom,1,0,B7,S2,7.0,2.0,B7,tim_lteitaly.clf,191.81739807128906,w47575_s10.tif
204810263,43.1122091,12.4528399,22201,B7 S3 5G Ponte Valle Ceppi Telecom,1,0,B7,S3,7.0,3.0,B7,tim_lteitaly.clf,191.81739807128906,w47575_s10.tif
204810271,43.1122091,12.4528399,22201,B1 S1 5G Ponte Valle Ceppi Telecom,1,0,B1,S1,1.0,1.0,B1,tim_lteitaly.clf,191.81739807128906,w47575_s10.tif
204810272,43.1122091,12.4528399,22201,B1 S2 5G Ponte Valle Ceppi Telecom,1,0,B1,S2,1.0,2.0,B1,tim_lteitaly.clf,191.81739807128906,w47575_s10.tif
204810273,43.1122091,12.4528399,22201,B1 S3 5G Ponte Valle Ceppi Telecom,1,0,B1,S3,1.0,3.0,B1,tim_lteitaly.clf,191.81739807128906,w47575_s10.tif
204810281,43.1122091,12.4528399,22201,B3 S1 5G Ponte Valle Ceppi Telecom,1,0,B3,S1,3.0,1.0,B3,tim_lteitaly.clf,191.81739807128906,w47575_s10.tif
204810282,43.1122091,12.4528399,22201,B3 S2 5G Ponte Valle Ceppi Telecom,1,0,B3,S2,3.0,2.0,B3,tim_lteitaly.clf,191.81739807128906,w47575_s10.tif
204810283,43.1122091,12.4528399,22201,B3 S3 5G Ponte Valle Ceppi Telecom,1,0,B3,S3,3.0,3.0,B3,tim_lteitaly.clf,191.81739807128906,w47575_s10.tif
204810783,43.2695976,12.3947986,22201,B1 S1 Umbertide Fraz. Pierantonio,0,0,B1,S1,1.0,1.0,B1,tim_lteitaly.clf,369.3695983886719,w47575_s10.tif
204810784,43.2695976,12.3947986,22201,B1 S2 Umbertide Fraz. Pierantonio,0,0,B1,S2,1.0,2.0,B1,tim_lteitaly.clf,369.3695983886719,w47575_s10.tif
204810785,43.2695976,12.3947986,22201,B1 S3 Umbertide Fraz. Pierantonio,0,0,B1,S3,1.0,3.0,B1,tim_lteitaly.clf,369.3695983886719,w47575_s10.tif
204810793,43.2695976,12.3947986,22201,B3 S1 Umbertide Fraz. Pierantonio,0,0,B3,S1,3.0,1.0,B3,tim_lteitaly.clf,369.3695983886719,w47575_s10.tif
204810794,43.2695976,12.3947986,22201,B3 S2 Umbertide Fraz. Pierantonio,0,0,B3,S2,3.0,2.0,B3,tim_lteitaly.clf,369.3695983886719,w47575_s10.tif
204810795,43.2695976,12.3947986,22201,B3 S3 Umbertide Fraz. Pierantonio,0,0,B3,S3,3.0,3.0,B3,tim_lteitaly.clf,369.3695983886719,w47575_s10.tif
204811050,43.1705804,12.301151,22201,B3 S2 DSS Corciano Monte Torrazzo,0,1,B3,S2,3.0,2.0,B3,tim_lteitaly.clf,414.6438903808594,w47575_s10.tif
204811070,43.1705804,12.301151,22201,B20 S2 DSS Corciano Monte Torrazzo,0,1,B20,S2,20.0,2.0,B20,tim_lteitaly.clf,414.6438903808594,w47575_s10.tif
204811305,43.0646811,12.3009178,22201,B3 S1 Mestigliano Via Caprera,0,0,B3,S1,3.0,1.0,B3,tim_lteitaly.clf,238.38580322265625,w47575_s10.tif
204811306,43.0646811,12.3009178,22201,B3 S2 Mestigliano Via Caprera,0,0,B3,S2,3.0,2.0,B3,tim_lteitaly.clf,238.38580322265625,w47575_s10.tif
204811325,43.0646811,12.3009178,22201,B20 S1 Mestigliano Via Caprera,0,0,B20,S1,20.0,1.0,B20,tim_lteitaly.clf,238.38580322265625,w47575_s10.tif
204811326,43.0646811,12.3009178,22201,B20 S2 Mestigliano Via Caprera,0,0,B20,S2,20.0,2.0,B20,tim_lteitaly.clf,238.38580322265625,w47575_s10.tif
204811328,43.0646811,12.3009178,22201,B20 S4 Mestigliano Via Caprera,0,0,B20,S4,20.0,4.0,B20,tim_lteitaly.clf,238.38580322265625,w47575_s10.tif
204811552,43.0745199,12.3794648,22201,B1 S2 Perugia Strada Vestricciano Genna,0,0,B1,S2,1.0,2.0,B1,tim_lteitaly.clf,310.1283874511719,w47575_s10.tif
204811553,43.0745199,12.3794648,22201,B1 S3 Perugia Strada Vestricciano Genna,0,0,B1,S3,1.0,3.0,B1,tim_lteitaly.clf,310.1283874511719,w47575_s10.tif
204811562,43.0745199,12.3794648,22201,B3 S2 Perugia Strada Vestricciano Genna,0,0,B3,S2,3.0,2.0,B3,tim_lteitaly.clf,310.1283874511719,w47575_s10.tif
204811563,43.0745199,12.3794648,22201,B3 S3 Perugia Strada Vestricciano Genna,0,0,B3,S3,3.0,3.0,B3,tim_lteitaly.clf,310.1283874511719,w47575_s10.tif
204811582,43.0745199,12.3794648,22201,B20 S2 Perugia Strada Vestricciano Genna,0,0,B20,S2,20.0,2.0,B20,tim_lteitaly.clf,310.1283874511719,w47575_s10.tif
204811808,43.0703146,12.4034073,22201,B1 S2 5G Perugia Loc. Balanzano,1,0,B1,S2,1.0,2.0,B1,tim_lteitaly.clf,232.91070556640625,w47575_s10.tif
204811817,43.0703146,12.4034073,22201,B3 S1 5G Perugia Loc. Balanzano,1,0,B3,S1,3.0,1.0,B3,tim_lteitaly.clf,232.91070556640625,w47575_s10.tif
204811818,43.0703146,12.4034073,22201,B3 S2 5G Perugia Loc. Balanzano,1,0,B3,S2,3.0,2.0,B3,tim_lteitaly.clf,232.91070556640625,w47575_s10.tif
204811837,43.0703146,12.4034073,22201,B20 S1 5G Perugia Loc. Balanzano,1,0,B20,S1,20.0,1.0,B20,tim_lteitaly.clf,232.91070556640625,w47575_s10.tif
204812064,43.092481,12.4238587,22201,B1 S2 Perugia Str. Assisana,0,0,B1,S2,1.0,2.0,B1,tim_lteitaly.clf,272.4789123535156,w47575_s10.tif
204812065,43.092481,12.4238587,22201,B1 S3 Perugia Str. Assisana,0,0,B1,S3,1.0,3.0,B1,tim_lteitaly.clf,272.4789123535156,w47575_s10.tif
204812073,43.092481,12.4238587,22201,B3 S1 Perugia Str. Assisana,0,0,B3,S1,3.0,1.0,B3,tim_lteitaly.clf,272.4789123535156,w47575_s10.tif
204812074,43.092481,12.4238587,22201,B3 S2 Perugia Str. Assisana,0,0,B3,S2,3.0,2.0,B3,tim_lteitaly.clf,272.4789123535156,w47575_s10.tif
204812075,43.092481,12.4238587,22201,B3 S3 Perugia Str. Assisana,0,0,B3,S3,3.0,3.0,B3,tim_lteitaly.clf,272.4789123535156,w47575_s10.tif
204812094,43.092481,12.4238587,22201,B20 S2 Perugia Str. Assisana,0,0,B20,S2,20.0,2.0,B20,tim_lteitaly.clf,272.4789123535156,w47575_s10.tif
204812095,43.092481,12.4238587,22201,B20 S3 Perugia Str. Assisana,0,0,B20,S3,20.0,3.0,B20,tim_lteitaly.clf,272.4789123535156,w47575_s10.tif
204812319,43.1164154,12.5108945,22201,B1 S1 5G Perugia Loc. Ripa,1,0,B1,S1,1.0,1.0,B1,tim_lteitaly.clf,219.8419952392578,w47575_s10.tif
204812320,43.1164154,12.5108945,22201,B1 S2 5G Perugia Loc. Ripa,1,0,B1,S2,1.0,2.0,B1,tim_lteitaly.clf,219.8419952392578,w47575_s10.tif
204812321,43.1164154,12.5108945,22201,B1 S3 5G Perugia Loc. Ripa,1,0,B1,S3,1.0,3.0,B1,tim_lteitaly.clf,219.8419952392578,w47575_s10.tif
204812329,43.1164154,12.5108945,22201,B3 S1 5G Perugia Loc. Ripa,1,0,B3,S1,3.0,1.0,B3,tim_lteitaly.clf,219.8419952392578,w47575_s10.tif
204812330,43.1164154,12.5108945,22201,B3 S2 5G Perugia Loc. Ripa,1,0,B3,S2,3.0,2.0,B3,tim_lteitaly.clf,219.8419952392578,w47575_s10.tif
204812331,43.1164154,12.5108945,22201,B3 S3 5G Perugia Loc. Ripa,1,0,B3,S3,3.0,3.0,B3,tim_lteitaly.clf,219.8419952392578,w47575_s10.tif
204812585,43.1067057,12.3880915,22201,B3 S1 Perugia Sede RAI,0,0,B3,S1,3.0,1.0,B3,tim_lteitaly.clf,450.9125061035156,w47575_s10.tif
204812586,43.1067057,12.3880915,22201,B3 S2 Perugia Sede RAI,0,0,B3,S2,3.0,2.0,B3,tim_lteitaly.clf,450.9125061035156,w47575_s10.tif
204812841,43.048687,12.3695514,22201,B3 S1 Perugia Strada del Vio Viscioloso,0,0,B3,S1,3.0,1.0,B3,tim_lteitaly.clf,273.4316101074219,w47575_s10.tif
204812842,43.048687,12.3695514,22201,B3 S2 Perugia Strada del Vio Viscioloso,0,0,B3,S2,3.0,2.0,B3,tim_lteitaly.clf,273.4316101074219,w47575_s10.tif
204812843,43.048687,12.3695514,22201,B3 S3 Perugia Strada del Vio Viscioloso,0,0,B3,S3,3.0,3.0,B3,tim_lteitaly.clf,273.4316101074219,w47575_s10.tif
204812862,43.048687,12.3695514,22201,B20 S2 Perugia Strada del Vio Viscioloso,0,0,B20,S2,20.0,2.0,B20,tim_lteitaly.clf,273.4316101074219,w47575_s10.tif
204813087,43.0919407,12.4758492,22201,B1 S1 5G Perugia Loc. Collestrada,1,0,B1,S1,1.0,1.0,B1,tim_lteitaly.clf,214.72259521484375,w47575_s10.tif
204813088,43.0919407,12.4758492,22201,B1 S2 5G Perugia Loc. Collestrada,1,0,B1,S2,1.0,2.0,B1,tim_lteitaly.clf,214.72259521484375,w47575_s10.tif
204813089,43.0919407,12.4758492,22201,B1 S3 5G Perugia Loc. Collestrada,1,0,B1,S3,1.0,3.0,B1,tim_lteitaly.clf,214.72259521484375,w47575_s10.tif
204813097,43.0919407,12.4758492,22201,B3 S1 5G Perugia Loc. Collestrada,1,0,B3,S1,3.0,1.0,B3,tim_lteitaly.clf,214.72259521484375,w47575_s10.tif
204813098,43.0919407,12.4758492,22201,B3 S2 5G Perugia Loc. Collestrada,1,0,B3,S2,3.0,2.0,B3,tim_lteitaly.clf,214.72259521484375,w47575_s10.tif
204813099,43.0919407,12.4758492,22201,B3 S3 5G Perugia Loc. Collestrada,1,0,B3,S3,3.0,3.0,B3,tim_lteitaly.clf,214.72259521484375,w47575_s10.tif
204813117,43.0919407,12.4758492,22201,B20 S1 5G Perugia Loc. Collestrada,1,0,B20,S1,20.0,1.0,B20,tim_lteitaly.clf,214.72259521484375,w47575_s10.tif
204813118,43.0919407,12.4758492,22201,B20 S2 5G Perugia Loc. Collestrada,1,0,B20,S2,20.0,2.0,B20,tim_lteitaly.clf,214.72259521484375,w47575_s10.tif
204813119,43.0919407,12.4758492,22201,B20 S3 5G Perugia Loc. Collestrada,1,0,B20,S3,20.0,3.0,B20,tim_lteitaly.clf,214.72259521484375,w47575_s10.tif
204813353,43.127853,12.4028772,22201,B3 S1 Perugia Loc. Ponte Rio,0,0,B3,S1,3.0,1.0,B3,tim_lteitaly.clf,337.10650634765625,w47575_s10.tif
204813354,43.127853,12.4028772,22201,B3 S2 Perugia Loc. Ponte Rio,0,0,B3,S2,3.0,2.0,B3,tim_lteitaly.clf,337.10650634765625,w47575_s10.tif
204813373,43.127853,12.4028772,22201,B20 S1 Perugia Loc. Ponte Rio,0,0,B20,S1,20.0,1.0,B20,tim_lteitaly.clf,337.10650634765625,w47575_s10.tif
204813609,43.1166255,12.4011548,22201,B3 S1 Perugia Via Eugubina,0,0,B3,S1,3.0,1.0,B3,tim_lteitaly.clf,432.05059814453125,w47575_s10.tif
204813610,43.1166255,12.4011548,22201,B3 S2 Perugia Via Eugubina,0,0,B3,S2,3.0,2.0,B3,tim_lteitaly.clf,432.05059814453125,w47575_s10.tif
204813629,43.1166255,12.4011548,22201,B20 S1 Perugia Via Eugubina,0,0,B20,S1,20.0,1.0,B20,tim_lteitaly.clf,432.05059814453125,w47575_s10.tif
204813630,43.1166255,12.4011548,22201,B20 S2 Perugia Via Eugubina,0,0,B20,S2,20.0,2.0,B20,tim_lteitaly.clf,432.05059814453125,w47575_s10.tif
204813857,43.073691,12.3329301,22201,B1 S3 5G Perugia Via Sandro Penna,1,0,B1,S3,1.0,3.0,B1,tim_lteitaly.clf,245.22459411621094,w47575_s10.tif
204813865,43.073691,12.3329301,22201,B3 S1 5G Perugia Via Sandro Penna,1,0,B3,S1,3.0,1.0,B3,tim_lteitaly.clf,245.22459411621094,w47575_s10.tif
204813866,43.073691,12.3329301,22201,B3 S2 5G Perugia Via Sandro Penna,1,0,B3,S2,3.0,2.0,B3,tim_lteitaly.clf,245.22459411621094,w47575_s10.tif
204813867,43.073691,12.3329301,22201,B3 S3 5G Perugia Via Sandro Penna,1,0,B3,S3,3.0,3.0,B3,tim_lteitaly.clf,245.22459411621094,w47575_s10.tif
204814121,43.1125075,12.3885998,22201,B3 S1 Perugia Piazza IV Novembre,0,0,B3,S1,3.0,1.0,B3,tim_lteitaly.clf,488.4607849121094,w47575_s10.tif
204814122,43.1125075,12.3885998,22201,B3 S2 Perugia Piazza IV Novembre,0,0,B3,S2,3.0,2.0,B3,tim_lteitaly.clf,488.4607849121094,w47575_s10.tif
204814377,43.0846737,12.4211557,22201,B3 S1 Perugia Strada dei Loggi,0,0,B3,S1,3.0,1.0,B3,tim_lteitaly.clf,200.6781005859375,w47575_s10.tif
204814378,43.0846737,12.4211557,22201,B3 S2 Perugia Strada dei Loggi,0,0,B3,S2,3.0,2.0,B3,tim_lteitaly.clf,200.6781005859375,w47575_s10.tif
204814379,43.0846737,12.4211557,22201,B3 S3 Perugia Strada dei Loggi,0,0,B3,S3,3.0,3.0,B3,tim_lteitaly.clf,200.6781005859375,w47575_s10.tif
204814398,43.0846737,12.4211557,22201,B20 S2 Perugia Strada dei Loggi,0,0,B20,S2,20.0,2.0,B20,tim_lteitaly.clf,200.6781005859375,w47575_s10.tif
204814623,43.1108477,12.4067486,22201,B1 S1 Perugia Polo Universitario Monteluce,0,0,B1,S1,1.0,1.0,B1,tim_lteitaly.clf,378.3182067871094,w47575_s10.tif
204814624,43.1108477,12.4067486,22201,B1 S2 Perugia Polo Universitario Monteluce,0,0,B1,S2,1.0,2.0,B1,tim_lteitaly.clf,378.3182067871094,w47575_s10.tif
204814625,43.1108477,12.4067486,22201,B1 S3 Perugia Polo Universitario Monteluce,0,0,B1,S3,1.0,3.0,B1,tim_lteitaly.clf,378.3182067871094,w47575_s10.tif
204814633,43.1108477,12.4067486,22201,B3 S1 Perugia Polo Universitario Monteluce,0,0,B3,S1,3.0,1.0,B3,tim_lteitaly.clf,378.3182067871094,w47575_s10.tif
204814634,43.1108477,12.4067486,22201,B3 S2 Perugia Polo Universitario Monteluce,0,0,B3,S2,3.0,2.0,B3,tim_lteitaly.clf,378.3182067871094,w47575_s10.tif
204814635,43.1108477,12.4067486,22201,B3 S3 Perugia Polo Universitario Monteluce,0,0,B3,S3,3.0,3.0,B3,tim_lteitaly.clf,378.3182067871094,w47575_s10.tif
204814653,43.1108477,12.4067486,22201,B20 S1 Perugia Polo Universitario Monteluce,0,0,B20,S1,20.0,1.0,B20,tim_lteitaly.clf,378.3182067871094,w47575_s10.tif
204814869,43.1195188,12.3786223,22201,B7 S1 Perugia RAI Loc. Monte Ripido,0,0,B7,S1,7.0,1.0,B7,tim_lteitaly.clf,469.9761047363281,w47575_s10.tif
204814870,43.1195188,12.3786223,22201,B7 S2 Perugia RAI Loc. Monte Ripido,0,0,B7,S2,7.0,2.0,B7,tim_lteitaly.clf,469.9761047363281,w47575_s10.tif
204814889,43.1195188,12.3786223,22201,B3 S1 Perugia RAI Loc. Monte Ripido,0,0,B3,S1,3.0,1.0,B3,tim_lteitaly.clf,469.9761047363281,w47575_s10.tif
204814909,43.1195188,12.3786223,22201,B20 S1 Perugia RAI Loc. Monte Ripido,0,0,B20,S1,20.0,1.0,B20,tim_lteitaly.clf,469.9761047363281,w47575_s10.tif
204814910,43.1195188,12.3786223,22201,B20 S2 Perugia RAI Loc. Monte Ripido,0,0,B20,S2,20.0,2.0,B20,tim_lteitaly.clf,469.9761047363281,w47575_s10.tif
204815135,43.1291733,12.3658336,22201,B1 S1 5G Perugia Loc. San Marco Str. Ponte d'Oddi,1,0,B1,S1,1.0,1.0,B1,tim_lteitaly.clf,438.6268005371094,w47575_s10.tif
204815402,43.1079637,12.3842233,22201,B3 S2 Perugia Via del Bucaccio,0,0,B3,S2,3.0,2.0,B3,tim_lteitaly.clf,393.3445129394531,w47575_s10.tif
204815657,43.1052732,12.3780629,22201,B3 S1 Perugia Via Angeloni,0,0,B3,S1,3.0,1.0,B3,tim_lteitaly.clf,310.4562072753906,w47575_s10.tif
204815903,43.1082445,12.3470483,22201,B1 S1 5G Perugia Palazzetto Basket,1,0,B1,S1,1.0,1.0,B1,tim_lteitaly.clf,355.44989013671875,w47575_s10.tif
204815904,43.1082445,12.3470483,22201,B1 S2 5G Perugia Palazzetto Basket,1,0,B1,S2,1.0,2.0,B1,tim_lteitaly.clf,355.44989013671875,w47575_s10.tif
204815905,43.1082445,12.3470483,22201,B1 S3 5G Perugia Palazzetto Basket,1,0,B1,S3,1.0,3.0,B1,tim_lteitaly.clf,355.44989013671875,w47575_s10.tif
204815913,43.1082445,12.3470483,22201,B3 S1 5G Perugia Palazzetto Basket,1,0,B3,S1,3.0,1.0,B3,tim_lteitaly.clf,355.44989013671875,w47575_s10.tif
204815914,43.1082445,12.3470483,22201,B3 S2 5G Perugia Palazzetto Basket,1,0,B3,S2,3.0,2.0,B3,tim_lteitaly.clf,355.44989013671875,w47575_s10.tif
204815915,43.1082445,12.3470483,22201,B3 S3 5G Perugia Palazzetto Basket,1,0,B3,S3,3.0,3.0,B3,tim_lteitaly.clf,355.44989013671875,w47575_s10.tif
204815933,43.1082445,12.3470483,22201,B20 S1 5G Perugia Palazzetto Basket,1,0,B20,S1,20.0,1.0,B20,tim_lteitaly.clf,355.44989013671875,w47575_s10.tif
204815934,43.1082445,12.3470483,22201,B20 S2 5G Perugia Palazzetto Basket,1,0,B20,S2,20.0,2.0,B20,tim_lteitaly.clf,355.44989013671875,w47575_s10.tif
204815935,43.1082445,12.3470483,22201,B20 S3 5G Perugia Palazzetto Basket,1,0,B20,S3,20.0,3.0,B20,tim_lteitaly.clf,355.44989013671875,w47575_s10.tif
204816415,43.1097359,12.3745472,22201,B1 S1 5G Perugia Via Montemorcino Vecchia,1,0,B1,S1,1.0,1.0,B1,tim_lteitaly.clf,380.5852966308594,w47575_s10.tif
204816416,43.1097359,12.3745472,22201,B1 S2 5G Perugia Via Montemorcino Vecchia,1,0,B1,S2,1.0,2.0,B1,tim_lteitaly.clf,380.5852966308594,w47575_s10.tif
204816425,43.1097359,12.3745472,22201,B3 S1 5G Perugia Via Montemorcino Vecchia,1,0,B3,S1,3.0,1.0,B3,tim_lteitaly.clf,380.5852966308594,w47575_s10.tif
204816426,43.1097359,12.3745472,22201,B3 S2 5G Perugia Via Montemorcino Vecchia,1,0,B3,S2,3.0,2.0,B3,tim_lteitaly.clf,380.5852966308594,w47575_s10.tif
204816445,43.1097359,12.3745472,22201,B20 S1 5G Perugia Via Montemorcino Vecchia,1,0,B20,S1,20.0,1.0,B20,tim_lteitaly.clf,380.5852966308594,w47575_s10.tif
204816661,43.0938972,12.3997444,22201,B7 S1 5G Perugia Raccordo Autostradale Perugia-A1,1,0,B7,S1,7.0,1.0,B7,tim_lteitaly.clf,390.0663146972656,w47575_s10.tif
204816671,43.0938972,12.3997444,22201,B1 S1 5G Perugia Raccordo Autostradale Perugia-A1,1,0,B1,S1,1.0,1.0,B1,tim_lteitaly.clf,390.0663146972656,w47575_s10.tif
204816672,43.0938972,12.3997444,22201,B1 S2 5G Perugia Raccordo Autostradale Perugia-A1,1,0,B1,S2,1.0,2.0,B1,tim_lteitaly.clf,390.0663146972656,w47575_s10.tif
204816673,43.0938972,12.3997444,22201,B1 S3 5G Perugia Raccordo Autostradale Perugia-A1,1,0,B1,S3,1.0,3.0,B1,tim_lteitaly.clf,390.0663146972656,w47575_s10.tif
204816681,43.0938972,12.3997444,22201,B3 S1 5G Perugia Raccordo Autostradale Perugia-A1,1,0,B3,S1,3.0,1.0,B3,tim_lteitaly.clf,390.0663146972656,w47575_s10.tif
204816682,43.0938972,12.3997444,22201,B3 S2 5G Perugia Raccordo Autostradale Perugia-A1,1,0,B3,S2,3.0,2.0,B3,tim_lteitaly.clf,390.0663146972656,w47575_s10.tif
204816683,43.0938972,12.3997444,22201,B3 S3 5G Perugia Raccordo Autostradale Perugia-A1,1,0,B3,S3,3.0,3.0,B3,tim_lteitaly.clf,390.0663146972656,w47575_s10.tif
204816701,43.0938972,12.3997444,22201,B20 S1 5G Perugia Raccordo Autostradale Perugia-A1,1,0,B20,S1,20.0,1.0,B20,tim_lteitaly.clf,390.0663146972656,w47575_s10.tif
204816703,43.0938972,12.3997444,22201,B20 S3 5G Perugia Raccordo Autostradale Perugia-A1,1,0,B20,S3,20.0,3.0,B20,tim_lteitaly.clf,390.0663146972656,w47575_s10.tif
204817429,43.0981463,12.3934187,22201,B7 S1 5G Perugia Via Romana,1,0,B7,S1,7.0,1.0,B7,tim_lteitaly.clf,400.9656982421875,w47575_s10.tif
204817449,43.0981463,12.3934187,22201,B3 S1 5G Perugia Via Romana,1,0,B3,S1,3.0,1.0,B3,tim_lteitaly.clf,400.9656982421875,w47575_s10.tif
204817450,43.0981463,12.3934187,22201,B3 S2 5G Perugia Via Romana,1,0,B3,S2,3.0,2.0,B3,tim_lteitaly.clf,400.9656982421875,w47575_s10.tif
204817695,43.1151227,12.3987147,22201,B1 S1 Perugia Via Cialdini,0,0,B1,S1,1.0,1.0,B1,tim_lteitaly.clf,446.6129150390625,w47575_s10.tif
204817696,43.1151227,12.3987147,22201,B1 S2 Perugia Via Cialdini,0,0,B1,S2,1.0,2.0,B1,tim_lteitaly.clf,446.6129150390625,w47575_s10.tif
204817705,43.1151227,12.3987147,22201,B3 S1 Perugia Via Cialdini,0,0,B3,S1,3.0,1.0,B3,tim_lteitaly.clf,446.6129150390625,w47575_s10.tif
204817706,43.1151227,12.3987147,22201,B3 S2 Perugia Via Cialdini,0,0,B3,S2,3.0,2.0,B3,tim_lteitaly.clf,446.6129150390625,w47575_s10.tif
204817725,43.1151227,12.3987147,22201,B20 S1 Perugia Via Cialdini,0,0,B20,S1,20.0,1.0,B20,tim_lteitaly.clf,446.6129150390625,w47575_s10.tif
204817961,43.0807438,12.3502513,22201,B3 S1 Sant'Andrea delle Fratte,0,0,B3,S1,3.0,1.0,B3,tim_lteitaly.clf,269.17059326171875,w47575_s10.tif
204817962,43.0807438,12.3502513,22201,B3 S2 Sant'Andrea delle Fratte,0,0,B3,S2,3.0,2.0,B3,tim_lteitaly.clf,269.17059326171875,w47575_s10.tif
204818473,43.0173777,12.3610203,22201,B3 S1 DSS Sant'Enea,0,1,B3,S1,3.0,1.0,B3,tim_lteitaly.clf,279.7952880859375,w47575_s10.tif
204818474,43.0173777,12.3610203,22201,B3 S2 DSS Sant'Enea,0,1,B3,S2,3.0,2.0,B3,tim_lteitaly.clf,279.7952880859375,w47575_s10.tif
204818475,43.0173777,12.3610203,22201,B3 S3 DSS Sant'Enea,0,1,B3,S3,3.0,3.0,B3,tim_lteitaly.clf,279.7952880859375,w47575_s10.tif
204818476,43.0173777,12.3610203,22201,B3 S4 DSS Sant'Enea,0,1,B3,S4,3.0,4.0,B3,tim_lteitaly.clf,279.7952880859375,w47575_s10.tif
204818493,43.0173777,12.3610203,22201,B20 S1 DSS Sant'Enea,0,1,B20,S1,20.0,1.0,B20,tim_lteitaly.clf,279.7952880859375,w47575_s10.tif
204818494,43.0173777,12.3610203,22201,B20 S2 DSS Sant'Enea,0,1,B20,S2,20.0,2.0,B20,tim_lteitaly.clf,279.7952880859375,w47575_s10.tif
204818495,43.0173777,12.3610203,22201,B20 S3 DSS Sant'Enea,0,1,B20,S3,20.0,3.0,B20,tim_lteitaly.clf,279.7952880859375,w47575_s10.tif
204818496,43.0173777,12.3610203,22201,B20 S4 DSS Sant'Enea,0,1,B20,S4,20.0,4.0,B20,tim_lteitaly.clf,279.7952880859375,w47575_s10.tif
204841514,43.0917163,12.3323425,22201,B3 S2 Perugia Strada San Sisto Lacugnano,0,0,B3,S2,3.0,2.0,B3,tim_lteitaly.clf,283.2005920410156,w47575_s10.tif
204851497,43.0265502,12.4383686,22201,B3 S1 Torgiano Telecom,0,0,B3,S1,3.0,1.0,B3,tim_lteitaly.clf,211.7593994140625,w47575_s10.tif
204851498,43.0265502,12.4383686,22201,B3 S2 Torgiano Telecom,0,0,B3,S2,3.0,2.0,B3,tim_lteitaly.clf,211.7593994140625,w47575_s10.tif
204851499,43.0265502,12.4383686,22201,B3 S3 Torgiano Telecom,0,0,B3,S3,3.0,3.0,B3,tim_lteitaly.clf,211.7593994140625,w47575_s10.tif
204851517,43.0265502,12.4383686,22201,B20 S1 Torgiano Telecom,0,0,B20,S1,20.0,1.0,B20,tim_lteitaly.clf,211.7593994140625,w47575_s10.tif
204851518,43.0265502,12.4383686,22201,B20 S2 Torgiano Telecom,0,0,B20,S2,20.0,2.0,B20,tim_lteitaly.clf,211.7593994140625,w47575_s10.tif
204851519,43.0265502,12.4383686,22201,B20 S3 Torgiano Telecom,0,0,B20,S3,20.0,3.0,B20,tim_lteitaly.clf,211.7593994140625,w47575_s10.tif
204852009,43.0583548,12.5461372,22201,B3 S1 Bastia Umbra ZI Via delle Industrie,0,0,B3,S1,3.0,1.0,B3,tim_lteitaly.clf,196.87030029296875,w47575_s10.tif
204852010,43.0583548,12.5461372,22201,B3 S2 Bastia Umbra ZI Via delle Industrie,0,0,B3,S2,3.0,2.0,B3,tim_lteitaly.clf,196.87030029296875,w47575_s10.tif
204852011,43.0583548,12.5461372,22201,B3 S3 Bastia Umbra ZI Via delle Industrie,0,0,B3,S3,3.0,3.0,B3,tim_lteitaly.clf,196.87030029296875,w47575_s10.tif
204852029,43.0583548,12.5461372,22201,B20 S1 Bastia Umbra ZI Via delle Industrie,0,0,B20,S1,20.0,1.0,B20,tim_lteitaly.clf,196.87030029296875,w47575_s10.tif
204852030,43.0583548,12.5461372,22201,B20 S2 Bastia Umbra ZI Via delle Industrie,0,0,B20,S2,20.0,2.0,B20,tim_lteitaly.clf,196.87030029296875,w47575_s10.tif
204852031,43.0583548,12.5461372,22201,B20 S3 Bastia Umbra ZI Via delle Industrie,0,0,B20,S3,20.0,3.0,B20,tim_lteitaly.clf,196.87030029296875,w47575_s10.tif
204852032,43.0583548,12.5461372,22201,B20 S4 Bastia Umbra ZI Via delle Industrie,0,0,B20,S4,20.0,4.0,B20,tim_lteitaly.clf,196.87030029296875,w47575_s10.tif
204925738,42.9665686,12.6975904,22201,B3 S2 Foligno Telecom Via Ariosto,0,0,B3,S2,3.0,2.0,B3,tim_lteitaly.clf,234.57009887695312,w47580_s10.tif
204925739,42.9665686,12.6975904,22201,B3 S3 Foligno Telecom Via Ariosto,0,0,B3,S3,3.0,3.0,B3,tim_lteitaly.clf,234.57009887695312,w47580_s10.tif
204925740,42.9665686,12.6975904,22201,B3 S4 Foligno Telecom Via Ariosto,0,0,B3,S4,3.0,4.0,B3,tim_lteitaly.clf,234.57009887695312,w47580_s10.tif
204926230,42.9552031,12.7035119,22201,B7 S2 DSS Foligno Telecom Via Mazzini,0,1,B7,S2,7.0,2.0,B7,tim_lteitaly.clf,232.7653045654297,w47580_s10.tif
204926231,42.9552031,12.7035119,22201,B7 S3 DSS Foligno Telecom Via Mazzini,0,1,B7,S3,7.0,3.0,B7,tim_lteitaly.clf,232.7653045654297,w47580_s10.tif
204926250,42.9552031,12.7035119,22201,B3 S2 DSS Foligno Telecom Via Mazzini,0,1,B3,S2,3.0,2.0,B3,tim_lteitaly.clf,232.7653045654297,w47580_s10.tif
204926251,42.9552031,12.7035119,22201,B3 S3 DSS Foligno Telecom Via Mazzini,0,1,B3,S3,3.0,3.0,B3,tim_lteitaly.clf,232.7653045654297,w47580_s10.tif
204926270,42.9552031,12.7035119,22201,B20 S2 DSS Foligno Telecom Via Mazzini,0,1,B20,S2,20.0,2.0,B20,tim_lteitaly.clf,232.7653045654297,w47580_s10.tif
204927263,42.9359906,12.7246432,22201,B1 S1 DSS Foligno Acquedotto Str. della Collina,0,1,B1,S1,1.0,1.0,B1,tim_lteitaly.clf,254.6082000732422,w47580_s10.tif
204927264,42.9359906,12.7246432,22201,B1 S2 DSS Foligno Acquedotto Str. della Collina,0,1,B1,S2,1.0,2.0,B1,tim_lteitaly.clf,254.6082000732422,w47580_s10.tif
204927265,42.9359906,12.7246432,22201,B1 S3 DSS Foligno Acquedotto Str. della Collina,0,1,B1,S3,1.0,3.0,B1,tim_lteitaly.clf,254.6082000732422,w47580_s10.tif
204927273,42.9359906,12.7246432,22201,B3 S1 DSS Foligno Acquedotto Str. della Collina,0,1,B3,S1,3.0,1.0,B3,tim_lteitaly.clf,254.6082000732422,w47580_s10.tif
204927274,42.9359906,12.7246432,22201,B3 S2 DSS Foligno Acquedotto Str. della Collina,0,1,B3,S2,3.0,2.0,B3,tim_lteitaly.clf,254.6082000732422,w47580_s10.tif
204927275,42.9359906,12.7246432,22201,B3 S3 DSS Foligno Acquedotto Str. della Collina,0,1,B3,S3,3.0,3.0,B3,tim_lteitaly.clf,254.6082000732422,w47580_s10.tif
204927295,42.9359906,12.7246432,22201,B20 S3 DSS Foligno Acquedotto Str. della Collina,0,1,B20,S3,20.0,3.0,B20,tim_lteitaly.clf,254.6082000732422,w47580_s10.tif
204927775,42.9505477,12.7212556,22201,B1 S1 Foligno Str. Vic. San Bartolomeo,0,0,B1,S1,1.0,1.0,B1,tim_lteitaly.clf,266.1980895996094,w47580_s10.tif
204927776,42.9505477,12.7212556,22201,B1 S2 Foligno Str. Vic. San Bartolomeo,0,0,B1,S2,1.0,2.0,B1,tim_lteitaly.clf,266.1980895996094,w47580_s10.tif
204927777,42.9505477,12.7212556,22201,B1 S3 Foligno Str. Vic. San Bartolomeo,0,0,B1,S3,1.0,3.0,B1,tim_lteitaly.clf,266.1980895996094,w47580_s10.tif
204927785,42.9505477,12.7212556,22201,B3 S1 Foligno Str. Vic. San Bartolomeo,0,0,B3,S1,3.0,1.0,B3,tim_lteitaly.clf,266.1980895996094,w47580_s10.tif
204927786,42.9505477,12.7212556,22201,B3 S2 Foligno Str. Vic. San Bartolomeo,0,0,B3,S2,3.0,2.0,B3,tim_lteitaly.clf,266.1980895996094,w47580_s10.tif
204927787,42.9505477,12.7212556,22201,B3 S3 Foligno Str. Vic. San Bartolomeo,0,0,B3,S3,3.0,3.0,B3,tim_lteitaly.clf,266.1980895996094,w47580_s10.tif
204927806,42.9505477,12.7212556,22201,B20 S2 Foligno Str. Vic. San Bartolomeo,0,0,B20,S2,20.0,2.0,B20,tim_lteitaly.clf,266.1980895996094,w47580_s10.tif
204928297,42.9602255,12.721889,22201,B3 S1 Foligno Via Vocabolo Colpernaco,0,0,B3,S1,3.0,1.0,B3,tim_lteitaly.clf,270.4071960449219,w47580_s10.tif
204928298,42.9602255,12.721889,22201,B3 S2 Foligno Via Vocabolo Colpernaco,0,0,B3,S2,3.0,2.0,B3,tim_lteitaly.clf,270.4071960449219,w47580_s10.tif
204928299,42.9602255,12.721889,22201,B3 S3 Foligno Via Vocabolo Colpernaco,0,0,B3,S3,3.0,3.0,B3,tim_lteitaly.clf,270.4071960449219,w47580_s10.tif
204928811,42.9841228,12.7390026,22201,B3 S3 Foligno Scanzano,0,0,B3,S3,3.0,3.0,B3,tim_lteitaly.clf,268.0541076660156,w47580_s10.tif
204929065,42.9093911,12.7304414,22201,B3 S1 Trevi Loc. Matigge Via Flamina,0,0,B3,S1,3.0,1.0,B3,tim_lteitaly.clf,219.8585968017578,w47580_s10.tif
204929067,42.9093911,12.7304414,22201,B3 S3 Trevi Loc. Matigge Via Flamina,0,0,B3,S3,3.0,3.0,B3,tim_lteitaly.clf,219.8585968017578,w47580_s10.tif
204947221,43.1106852,12.3890226,22201,B7 S1 5G Perugia Telecom Via Mazzini,1,0,B7,S1,7.0,1.0,B7,tim_lteitaly.clf,473.10211181640625,w47575_s10.tif
204947222,43.1106852,12.3890226,22201,B7 S2 5G Perugia Telecom Via Mazzini,1,0,B7,S2,7.0,2.0,B7,tim_lteitaly.clf,473.10211181640625,w47575_s10.tif
204947223,43.1106852,12.3890226,22201,B7 S3 5G Perugia Telecom Via Mazzini,1,0,B7,S3,7.0,3.0,B7,tim_lteitaly.clf,473.10211181640625,w47575_s10.tif
204947231,43.1106852,12.3890226,22201,B1 S1 5G Perugia Telecom Via Mazzini,1,0,B1,S1,1.0,1.0,B1,tim_lteitaly.clf,473.10211181640625,w47575_s10.tif
204947232,43.1106852,12.3890226,22201,B1 S2 5G Perugia Telecom Via Mazzini,1,0,B1,S2,1.0,2.0,B1,tim_lteitaly.clf,473.10211181640625,w47575_s10.tif
204947233,43.1106852,12.3890226,22201,B1 S3 5G Perugia Telecom Via Mazzini,1,0,B1,S3,1.0,3.0,B1,tim_lteitaly.clf,473.10211181640625,w47575_s10.tif
204947241,43.1106852,12.3890226,22201,B3 S1 5G Perugia Telecom Via Mazzini,1,0,B3,S1,3.0,1.0,B3,tim_lteitaly.clf,473.10211181640625,w47575_s10.tif
204947242,43.1106852,12.3890226,22201,B3 S2 5G Perugia Telecom Via Mazzini,1,0,B3,S2,3.0,2.0,B3,tim_lteitaly.clf,473.10211181640625,w47575_s10.tif
204947243,43.1106852,12.3890226,22201,B3 S3 5G Perugia Telecom Via Mazzini,1,0,B3,S3,3.0,3.0,B3,tim_lteitaly.clf,473.10211181640625,w47575_s10.tif
204947261,43.1106852,12.3890226,22201,B20 S1 5G Perugia Telecom Via Mazzini,1,0,B20,S1,20.0,1.0,B20,tim_lteitaly.clf,473.10211181640625,w47575_s10.tif
204947262,43.1106852,12.3890226,22201,B20 S2 5G Perugia Telecom Via Mazzini,1,0,B20,S2,20.0,2.0,B20,tim_lteitaly.clf,473.10211181640625,w47575_s10.tif
204947263,43.1106852,12.3890226,22201,B20 S3 5G Perugia Telecom Via Mazzini,1,0,B20,S3,20.0,3.0,B20,tim_lteitaly.clf,473.10211181640625,w47575_s10.tif
204991765,42.9665745,12.6975887,22201,B7 S1 Foligno,0,0,B7,S1,7.0,1.0,B7,tim_lteitaly.clf,234.57009887695312,w47580_s10.tif
204991766,42.9665745,12.6975887,22201,B7 S2 Foligno,0,0,B7,S2,7.0,2.0,B7,tim_lteitaly.clf,234.57009887695312,w47580_s10.tif
204991767,42.9665745,12.6975887,22201,B7 S3 Foligno,0,0,B7,S3,7.0,3.0,B7,tim_lteitaly.clf,234.57009887695312,w47580_s10.tif
204993065,43.0709503,12.5538615,22201,B3 S1 DSS Bastia Umbra Telecom Via della Repubblica,0,1,B3,S1,3.0,1.0,B3,tim_lteitaly.clf,203.37600708007812,w47575_s10.tif
204993066,43.0709503,12.5538615,22201,B3 S2 DSS Bastia Umbra Telecom Via della Repubblica,0,1,B3,S2,3.0,2.0,B3,tim_lteitaly.clf,203.37600708007812,w47575_s10.tif
204993067,43.0709503,12.5538615,22201,B3 S3 DSS Bastia Umbra Telecom Via della Repubblica,0,1,B3,S3,3.0,3.0,B3,tim_lteitaly.clf,203.37600708007812,w47575_s10.tif
204993068,43.0709503,12.5538615,22201,B3 S4 DSS Bastia Umbra Telecom Via della Repubblica,0,1,B3,S4,3.0,4.0,B3,tim_lteitaly.clf,203.37600708007812,w47575_s10.tif
204993085,43.0709503,12.5538615,22201,B20 S1 DSS Bastia Umbra Telecom Via della Repubblica,0,1,B20,S1,20.0,1.0,B20,tim_lteitaly.clf,203.37600708007812,w47575_s10.tif
204993086,43.0709503,12.5538615,22201,B20 S2 DSS Bastia Umbra Telecom Via della Repubblica,0,1,B20,S2,20.0,2.0,B20,tim_lteitaly.clf,203.37600708007812,w47575_s10.tif
204993087,43.0709503,12.5538615,22201,B20 S3 DSS Bastia Umbra Telecom Via della Repubblica,0,1,B20,S3,20.0,3.0,B20,tim_lteitaly.clf,203.37600708007812,w47575_s10.tif
204993088,43.0709503,12.5538615,22201,B20 S4 DSS Bastia Umbra Telecom Via della Repubblica,0,1,B20,S4,20.0,4.0,B20,tim_lteitaly.clf,203.37600708007812,w47575_s10.tif
204993823,43.0995738,12.3640036,22201,B1 S1 Perugia Via Madonna Alta,0,0,B1,S1,1.0,1.0,B1,tim_lteitaly.clf,308.46319580078125,w47575_s10.tif
204993824,43.0995738,12.3640036,22201,B1 S2 Perugia Via Madonna Alta,0,0,B1,S2,1.0,2.0,B1,tim_lteitaly.clf,308.46319580078125,w47575_s10.tif
204993825,43.0995738,12.3640036,22201,B1 S3 Perugia Via Madonna Alta,0,0,B1,S3,1.0,3.0,B1,tim_lteitaly.clf,308.46319580078125,w47575_s10.tif
204993833,43.0995738,12.3640036,22201,B3 S1 Perugia Via Madonna Alta,0,0,B3,S1,3.0,1.0,B3,tim_lteitaly.clf,308.46319580078125,w47575_s10.tif
204993834,43.0995738,12.3640036,22201,B3 S2 Perugia Via Madonna Alta,0,0,B3,S2,3.0,2.0,B3,tim_lteitaly.clf,308.46319580078125,w47575_s10.tif
204993835,43.0995738,12.3640036,22201,B3 S3 Perugia Via Madonna Alta,0,0,B3,S3,3.0,3.0,B3,tim_lteitaly.clf,308.46319580078125,w47575_s10.tif
204993855,43.0995738,12.3640036,22201,B20 S3 Perugia Via Madonna Alta,0,0,B20,S3,20.0,3.0,B20,tim_lteitaly.clf,308.46319580078125,w47575_s10.tif
204994069,43.116441,12.3902429,22201,B7 S1 Perugia P.zza Lupatelli,0,0,B7,S1,7.0,1.0,B7,tim_lteitaly.clf,429.27508544921875,w47575_s10.tif
204994070,43.116441,12.3902429,22201,B7 S2 Perugia P.zza Lupatelli,0,0,B7,S2,7.0,2.0,B7,tim_lteitaly.clf,429.27508544921875,w47575_s10.tif
204994071,43.116441,12.3902429,22201,B7 S3 Perugia P.zza Lupatelli,0,0,B7,S3,7.0,3.0,B7,tim_lteitaly.clf,429.27508544921875,w47575_s10.tif
204994089,43.116441,12.3902429,22201,B3 S1 Perugia P.zza Lupatelli,0,0,B3,S1,3.0,1.0,B3,tim_lteitaly.clf,429.27508544921875,w47575_s10.tif
204994090,43.116441,12.3902429,22201,B3 S2 Perugia P.zza Lupatelli,0,0,B3,S2,3.0,2.0,B3,tim_lteitaly.clf,429.27508544921875,w47575_s10.tif
204994091,43.116441,12.3902429,22201,B3 S3 Perugia P.zza Lupatelli,0,0,B3,S3,3.0,3.0,B3,tim_lteitaly.clf,429.27508544921875,w47575_s10.tif
205010731,42.7285138,12.748586,22201,B3 S3 Spoleto RAI Loc. Monte Luco,0,0,B3,S3,3.0,3.0,B3,tim_lteitaly.clf,714.3997192382812,w47080_s10.tif
205091871,43.0515734,12.5738403,22201,B1 S1 Santa Maria degli Angeli Via Caminaccio,0,0,B1,S1,1.0,1.0,B1,tim_lteitaly.clf,207.72720336914062,w47575_s10.tif
205091872,43.0515734,12.5738403,22201,B1 S2 Santa Maria degli Angeli Via Caminaccio,0,0,B1,S2,1.0,2.0,B1,tim_lteitaly.clf,207.72720336914062,w47575_s10.tif
205091873,43.0515734,12.5738403,22201,B1 S3 Santa Maria degli Angeli Via Caminaccio,0,0,B1,S3,1.0,3.0,B1,tim_lteitaly.clf,207.72720336914062,w47575_s10.tif
205091874,43.0515734,12.5738403,22201,B1 S4 Santa Maria degli Angeli Via Caminaccio,0,0,B1,S4,1.0,4.0,B1,tim_lteitaly.clf,207.72720336914062,w47575_s10.tif
205091881,43.0515734,12.5738403,22201,B3 S1 Santa Maria degli Angeli Via Caminaccio,0,0,B3,S1,3.0,1.0,B3,tim_lteitaly.clf,207.72720336914062,w47575_s10.tif
205091882,43.0515734,12.5738403,22201,B3 S2 Santa Maria degli Angeli Via Caminaccio,0,0,B3,S2,3.0,2.0,B3,tim_lteitaly.clf,207.72720336914062,w47575_s10.tif
205091883,43.0515734,12.5738403,22201,B3 S3 Santa Maria degli Angeli Via Caminaccio,0,0,B3,S3,3.0,3.0,B3,tim_lteitaly.clf,207.72720336914062,w47575_s10.tif
205091884,43.0515734,12.5738403,22201,B3 S4 Santa Maria degli Angeli Via Caminaccio,0,0,B3,S4,3.0,4.0,B3,tim_lteitaly.clf,207.72720336914062,w47575_s10.tif
205091901,43.0515734,12.5738403,22201,B20 S1 Santa Maria degli Angeli Via Caminaccio,0,0,B20,S1,20.0,1.0,B20,tim_lteitaly.clf,207.72720336914062,w47575_s10.tif
205091902,43.0515734,12.5738403,22201,B20 S2 Santa Maria degli Angeli Via Caminaccio,0,0,B20,S2,20.0,2.0,B20,tim_lteitaly.clf,207.72720336914062,w47575_s10.tif
205091903,43.0515734,12.5738403,22201,B20 S3 Santa Maria degli Angeli Via Caminaccio,0,0,B20,S3,20.0,3.0,B20,tim_lteitaly.clf,207.72720336914062,w47575_s10.tif
205091904,43.0515734,12.5738403,22201,B20 S4 Santa Maria degli Angeli Via Caminaccio,0,0,B20,S4,20.0,4.0,B20,tim_lteitaly.clf,207.72720336914062,w47575_s10.tif
205118229,43.096656,12.3174745,22201,B7 S1 5G Corciano Ellera,1,0,B7,S1,7.0,1.0,B7,tim_lteitaly.clf,259.91070556640625,w47575_s10.tif
205118230,43.096656,12.3174745,22201,B7 S2 5G Corciano Ellera,1,0,B7,S2,7.0,2.0,B7,tim_lteitaly.clf,259.91070556640625,w47575_s10.tif
205118231,43.096656,12.3174745,22201,B7 S3 5G Corciano Ellera,1,0,B7,S3,7.0,3.0,B7,tim_lteitaly.clf,259.91070556640625,w47575_s10.tif
205118239,43.096656,12.3174745,22201,B1 S1 5G Corciano Ellera,1,0,B1,S1,1.0,1.0,B1,tim_lteitaly.clf,259.91070556640625,w47575_s10.tif
205118240,43.096656,12.3174745,22201,B1 S2 5G Corciano Ellera,1,0,B1,S2,1.0,2.0,B1,tim_lteitaly.clf,259.91070556640625,w47575_s10.tif
205118241,43.096656,12.3174745,22201,B1 S3 5G Corciano Ellera,1,0,B1,S3,1.0,3.0,B1,tim_lteitaly.clf,259.91070556640625,w47575_s10.tif
205118249,43.096656,12.3174745,22201,B3 S1 5G Corciano Ellera,1,0,B3,S1,3.0,1.0,B3,tim_lteitaly.clf,259.91070556640625,w47575_s10.tif
205118251,43.096656,12.3174745,22201,B3 S3 5G Corciano Ellera,1,0,B3,S3,3.0,3.0,B3,tim_lteitaly.clf,259.91070556640625,w47575_s10.tif
205118269,43.096656,12.3174745,22201,B20 S1 5G Corciano Ellera,1,0,B20,S1,20.0,1.0,B20,tim_lteitaly.clf,259.91070556640625,w47575_s10.tif
205118271,43.096656,12.3174745,22201,B20 S3 5G Corciano Ellera,1,0,B20,S3,20.0,3.0,B20,tim_lteitaly.clf,259.91070556640625,w47575_s10.tif
205119785,43.0629682,12.5803856,22201,B3 S1 Santa Maria degli Angeli Viale Maratona,0,0,B3,S1,3.0,1.0,B3,tim_lteitaly.clf,221.46119689941406,w47575_s10.tif
205119786,43.0629682,12.5803856,22201,B3 S2 Santa Maria degli Angeli Viale Maratona,0,0,B3,S2,3.0,2.0,B3,tim_lteitaly.clf,221.46119689941406,w47575_s10.tif
205119787,43.0629682,12.5803856,22201,B3 S3 Santa Maria degli Angeli Viale Maratona,0,0,B3,S3,3.0,3.0,B3,tim_lteitaly.clf,221.46119689941406,w47575_s10.tif
205119805,43.0629682,12.5803856,22201,B20 S1 Santa Maria degli Angeli Viale Maratona,0,0,B20,S1,20.0,1.0,B20,tim_lteitaly.clf,221.46119689941406,w47575_s10.tif
205119806,43.0629682,12.5803856,22201,B20 S2 Santa Maria degli Angeli Viale Maratona,0,0,B20,S2,20.0,2.0,B20,tim_lteitaly.clf,221.46119689941406,w47575_s10.tif
205119807,43.0629682,12.5803856,22201,B20 S3 Santa Maria degli Angeli Viale Maratona,0,0,B20,S3,20.0,3.0,B20,tim_lteitaly.clf,221.46119689941406,w47575_s10.tif
205137213,43.0714242,12.6144917,22201,B20 S1 Assisi Torre Civica P.zza del Comune,0,0,B20,S1,20.0,1.0,B20,tim_lteitaly.clf,411.69940185546875,w47575_s10.tif
205137214,43.0714242,12.6144917,22201,B20 S2 Assisi Torre Civica P.zza del Comune,0,0,B20,S2,20.0,2.0,B20,tim_lteitaly.clf,411.69940185546875,w47575_s10.tif
205137215,43.0714242,12.6144917,22201,B20 S3 Assisi Torre Civica P.zza del Comune,0,0,B20,S3,20.0,3.0,B20,tim_lteitaly.clf,411.69940185546875,w47575_s10.tif
205137216,43.0714242,12.6144917,22201,B20 S4 Assisi Torre Civica P.zza del Comune,0,0,B20,S4,20.0,4.0,B20,tim_lteitaly.clf,411.69940185546875,w47575_s10.tif
205144597,43.1063446,12.3602132,22201,B7 S1 Perugia Parcheggio Pian di Massiano,0,0,B7,S1,7.0,1.0,B7,tim_lteitaly.clf,268.247802734375,w47575_s10.tif
205144607,43.1063446,12.3602132,22201,B1 S1 Perugia Parcheggio Pian di Massiano,0,0,B1,S1,1.0,1.0,B1,tim_lteitaly.clf,268.247802734375,w47575_s10.tif
205144609,43.1063446,12.3602132,22201,B1 S3 Perugia Parcheggio Pian di Massiano,0,0,B1,S3,1.0,3.0,B1,tim_lteitaly.clf,268.247802734375,w47575_s10.tif
205144617,43.1063446,12.3602132,22201,B3 S1 Perugia Parcheggio Pian di Massiano,0,0,B3,S1,3.0,1.0,B3,tim_lteitaly.clf,268.247802734375,w47575_s10.tif
205144619,43.1063446,12.3602132,22201,B3 S3 Perugia Parcheggio Pian di Massiano,0,0,B3,S3,3.0,3.0,B3,tim_lteitaly.clf,268.247802734375,w47575_s10.tif
205148201,43.0517151,12.2256441,22201,B3 S1 Perugia Fraz. Mugnano,0,0,B3,S1,3.0,1.0,B3,tim_lteitaly.clf,269.6422119140625,w47575_s10.tif
205151520,43.2376173,12.7737143,22201,B1 S2 Gualdo Tadino Stadio,0,0,B1,S2,1.0,2.0,B1,tim_lteitaly.clf,463.17138671875,w47580_s10.tif
205151530,43.2376173,12.7737143,22201,B3 S2 Gualdo Tadino Stadio,0,0,B3,S2,3.0,2.0,B3,tim_lteitaly.clf,463.17138671875,w47580_s10.tif
205151550,43.2376173,12.7737143,22201,B20 S2 Gualdo Tadino Stadio,0,0,B20,S2,20.0,2.0,B20,tim_lteitaly.clf,463.17138671875,w47580_s10.tif
205152041,43.0328394,12.4004409,22201,B3 S1 Perugia San Martino in Campo,0,0,B3,S1,3.0,1.0,B3,tim_lteitaly.clf,177.2415008544922,w47575_s10.tif
205152042,43.0328394,12.4004409,22201,B3 S2 Perugia San Martino in Campo,0,0,B3,S2,3.0,2.0,B3,tim_lteitaly.clf,177.2415008544922,w47575_s10.tif
205152043,43.0328394,12.4004409,22201,B3 S3 Perugia San Martino in Campo,0,0,B3,S3,3.0,3.0,B3,tim_lteitaly.clf,177.2415008544922,w47575_s10.tif
205152061,43.0328394,12.4004409,22201,B20 S1 Perugia San Martino in Campo,0,0,B20,S1,20.0,1.0,B20,tim_lteitaly.clf,177.2415008544922,w47575_s10.tif
205152062,43.0328394,12.4004409,22201,B20 S2 Perugia San Martino in Campo,0,0,B20,S2,20.0,2.0,B20,tim_lteitaly.clf,177.2415008544922,w47575_s10.tif
205152063,43.0328394,12.4004409,22201,B20 S3 Perugia San Martino in Campo,0,0,B20,S3,20.0,3.0,B20,tim_lteitaly.clf,177.2415008544922,w47575_s10.tif
205152297,43.11907,12.4066476,22201,B3 S1 Perugia Str. Colle San Giorgio,0,0,B3,S1,3.0,1.0,B3,tim_lteitaly.clf,434.8691101074219,w47575_s10.tif
205152298,43.11907,12.4066476,22201,B3 S2 Perugia Str. Colle San Giorgio,0,0,B3,S2,3.0,2.0,B3,tim_lteitaly.clf,434.8691101074219,w47575_s10.tif
205154335,43.1207673,12.2892289,22201,B1 S1 Corciano c/o Cimitero,0,0,B1,S1,1.0,1.0,B1,tim_lteitaly.clf,389.2449035644531,w47575_s10.tif
205154336,43.1207673,12.2892289,22201,B1 S2 Corciano c/o Cimitero,0,0,B1,S2,1.0,2.0,B1,tim_lteitaly.clf,389.2449035644531,w47575_s10.tif
205154345,43.1207673,12.2892289,22201,B3 S1 Corciano c/o Cimitero,0,0,B3,S1,3.0,1.0,B3,tim_lteitaly.clf,389.2449035644531,w47575_s10.tif
205154346,43.1207673,12.2892289,22201,B3 S2 Corciano c/o Cimitero,0,0,B3,S2,3.0,2.0,B3,tim_lteitaly.clf,389.2449035644531,w47575_s10.tif
205154366,43.1207673,12.2892289,22201,B20 S2 Corciano c/o Cimitero,0,0,B20,S2,20.0,2.0,B20,tim_lteitaly.clf,389.2449035644531,w47575_s10.tif
205156137,43.0883812,12.3016015,22201,B3 S1 DSS Corciano Fraz. San Mariano Cimitero,0,1,B3,S1,3.0,1.0,B3,tim_lteitaly.clf,340.0707092285156,w47575_s10.tif
205156138,43.0883812,12.3016015,22201,B3 S2 DSS Corciano Fraz. San Mariano Cimitero,0,1,B3,S2,3.0,2.0,B3,tim_lteitaly.clf,340.0707092285156,w47575_s10.tif
205156139,43.0883812,12.3016015,22201,B3 S3 DSS Corciano Fraz. San Mariano Cimitero,0,1,B3,S3,3.0,3.0,B3,tim_lteitaly.clf,340.0707092285156,w47575_s10.tif
205156157,43.0883812,12.3016015,22201,B20 S1 DSS Corciano Fraz. San Mariano Cimitero,0,1,B20,S1,20.0,1.0,B20,tim_lteitaly.clf,340.0707092285156,w47575_s10.tif
205156158,43.0883812,12.3016015,22201,B20 S2 DSS Corciano Fraz. San Mariano Cimitero,0,1,B20,S2,20.0,2.0,B20,tim_lteitaly.clf,340.0707092285156,w47575_s10.tif
205156159,43.0883812,12.3016015,22201,B20 S3 DSS Corciano Fraz. San Mariano Cimitero,0,1,B20,S3,20.0,3.0,B20,tim_lteitaly.clf,340.0707092285156,w47575_s10.tif
205163807,42.9970786,12.5828131,22201,B1 S1 Cannara Stadio Via San Donato,0,0,B1,S1,1.0,1.0,B1,tim_lteitaly.clf,190.68809509277344,w47575_s10.tif
205163808,42.9970786,12.5828131,22201,B1 S2 Cannara Stadio Via San Donato,0,0,B1,S2,1.0,2.0,B1,tim_lteitaly.clf,190.68809509277344,w47575_s10.tif
205163809,42.9970786,12.5828131,22201,B1 S3 Cannara Stadio Via San Donato,0,0,B1,S3,1.0,3.0,B1,tim_lteitaly.clf,190.68809509277344,w47575_s10.tif
205163810,42.9970786,12.5828131,22201,B1 S4 Cannara Stadio Via San Donato,0,0,B1,S4,1.0,4.0,B1,tim_lteitaly.clf,190.68809509277344,w47575_s10.tif
205163817,42.9970786,12.5828131,22201,B3 S1 Cannara Stadio Via San Donato,0,0,B3,S1,3.0,1.0,B3,tim_lteitaly.clf,190.68809509277344,w47575_s10.tif
205163818,42.9970786,12.5828131,22201,B3 S2 Cannara Stadio Via San Donato,0,0,B3,S2,3.0,2.0,B3,tim_lteitaly.clf,190.68809509277344,w47575_s10.tif
205163819,42.9970786,12.5828131,22201,B3 S3 Cannara Stadio Via San Donato,0,0,B3,S3,3.0,3.0,B3,tim_lteitaly.clf,190.68809509277344,w47575_s10.tif
205163820,42.9970786,12.5828131,22201,B3 S4 Cannara Stadio Via San Donato,0,0,B3,S4,3.0,4.0,B3,tim_lteitaly.clf,190.68809509277344,w47575_s10.tif
205163837,42.9970786,12.5828131,22201,B20 S1 Cannara Stadio Via San Donato,0,0,B20,S1,20.0,1.0,B20,tim_lteitaly.clf,190.68809509277344,w47575_s10.tif
205163838,42.9970786,12.5828131,22201,B20 S2 Cannara Stadio Via San Donato,0,0,B20,S2,20.0,2.0,B20,tim_lteitaly.clf,190.68809509277344,w47575_s10.tif
205163839,42.9970786,12.5828131,22201,B20 S3 Cannara Stadio Via San Donato,0,0,B20,S3,20.0,3.0,B20,tim_lteitaly.clf,190.68809509277344,w47575_s10.tif
205163840,42.9970786,12.5828131,22201,B20 S4 Cannara Stadio Via San Donato,0,0,B20,S4,20.0,4.0,B20,tim_lteitaly.clf,190.68809509277344,w47575_s10.tif
205164073,42.8670412,12.7324777,22201,B3 S1 Trevi Via Clitunno,0,0,B3,S1,3.0,1.0,B3,tim_lteitaly.clf,214.82080078125,w47580_s10.tif
205164075,42.8670412,12.7324777,22201,B3 S3 Trevi Via Clitunno,0,0,B3,S3,3.0,3.0,B3,tim_lteitaly.clf,214.82080078125,w47580_s10.tif
205164093,42.8670412,12.7324777,22201,B20 S1 Trevi Via Clitunno,0,0,B20,S1,20.0,1.0,B20,tim_lteitaly.clf,214.82080078125,w47580_s10.tif
205173053,43.1173583,12.224453,22201,B20 S1 DSS Magione Monte Sperello,0,1,B20,S1,20.0,1.0,B20,tim_lteitaly.clf,407.0050964355469,w47575_s10.tif
205194537,43.0709341,12.6146559,22201,B3 S1 Assisi Piazza del Comune,0,0,B3,S1,3.0,1.0,B3,tim_lteitaly.clf,407.815185546875,w47575_s10.tif
205194538,43.0709341,12.6146559,22201,B3 S2 Assisi Piazza del Comune,0,0,B3,S2,3.0,2.0,B3,tim_lteitaly.clf,407.815185546875,w47575_s10.tif
205194539,43.0709341,12.6146559,22201,B3 S3 Assisi Piazza del Comune,0,0,B3,S3,3.0,3.0,B3,tim_lteitaly.clf,407.815185546875,w47575_s10.tif
205194783,43.1515051,12.2005736,22201,B1 S1 DSS Magione Cimitero,0,1,B1,S1,1.0,1.0,B1,tim_lteitaly.clf,430.8843994140625,w47575_s10.tif
205194793,43.1515051,12.2005736,22201,B3 S1 DSS Magione Cimitero,0,1,B3,S1,3.0,1.0,B3,tim_lteitaly.clf,430.8843994140625,w47575_s10.tif
205195049,43.1145728,12.360057,22201,B3 S1 Perugia Str. Santa Lucia,0,0,B3,S1,3.0,1.0,B3,tim_lteitaly.clf,290.9313049316406,w47575_s10.tif
205195050,43.1145728,12.360057,22201,B3 S2 Perugia Str. Santa Lucia,0,0,B3,S2,3.0,2.0,B3,tim_lteitaly.clf,290.9313049316406,w47575_s10.tif
205195051,43.1145728,12.360057,22201,B3 S3 Perugia Str. Santa Lucia,0,0,B3,S3,3.0,3.0,B3,tim_lteitaly.clf,290.9313049316406,w47575_s10.tif
205195069,43.1145728,12.360057,22201,B20 S1 Perugia Str. Santa Lucia,0,0,B20,S1,20.0,1.0,B20,tim_lteitaly.clf,290.9313049316406,w47575_s10.tif
205195071,43.1145728,12.360057,22201,B20 S3 Perugia Str. Santa Lucia,0,0,B20,S3,20.0,3.0,B20,tim_lteitaly.clf,290.9313049316406,w47575_s10.tif
205202987,43.2314153,12.7847702,22201,B3 S3 Gualdo Tadino Municipio,0,0,B3,S3,3.0,3.0,B3,tim_lteitaly.clf,531.7609252929688,w47580_s10.tif
205203007,43.2314153,12.7847702,22201,B20 S3 Gualdo Tadino Municipio,0,0,B20,S3,20.0,3.0,B20,tim_lteitaly.clf,531.7609252929688,w47580_s10.tif
205205269,42.8965845,12.3226187,22201,B7 S1 DSS Marsciano Podere Palazzetta,0,1,B7,S1,7.0,1.0,B7,tim_lteitaly.clf,271.88018798828125,w47575_s10.tif
205205271,42.8965845,12.3226187,22201,B7 S3 DSS Marsciano Podere Palazzetta,0,1,B7,S3,7.0,3.0,B7,tim_lteitaly.clf,271.88018798828125,w47575_s10.tif
205205289,42.8965845,12.3226187,22201,B3 S1 DSS Marsciano Podere Palazzetta,0,1,B3,S1,3.0,1.0,B3,tim_lteitaly.clf,271.88018798828125,w47575_s10.tif
205205291,42.8965845,12.3226187,22201,B3 S3 DSS Marsciano Podere Palazzetta,0,1,B3,S3,3.0,3.0,B3,tim_lteitaly.clf,271.88018798828125,w47575_s10.tif
205211423,43.007273,12.6510443,22201,B1 S1 Spello Via Navello,0,0,B1,S1,1.0,1.0,B1,tim_lteitaly.clf,198.22000122070312,w47575_s10.tif
205211424,43.007273,12.6510443,22201,B1 S2 Spello Via Navello,0,0,B1,S2,1.0,2.0,B1,tim_lteitaly.clf,198.22000122070312,w47575_s10.tif
205211425,43.007273,12.6510443,22201,B1 S3 Spello Via Navello,0,0,B1,S3,1.0,3.0,B1,tim_lteitaly.clf,198.22000122070312,w47575_s10.tif
205211433,43.007273,12.6510443,22201,B3 S1 Spello Via Navello,0,0,B3,S1,3.0,1.0,B3,tim_lteitaly.clf,198.22000122070312,w47575_s10.tif
205211434,43.007273,12.6510443,22201,B3 S2 Spello Via Navello,0,0,B3,S2,3.0,2.0,B3,tim_lteitaly.clf,198.22000122070312,w47575_s10.tif
205211435,43.007273,12.6510443,22201,B3 S3 Spello Via Navello,0,0,B3,S3,3.0,3.0,B3,tim_lteitaly.clf,198.22000122070312,w47575_s10.tif
205219625,42.8901906,12.6497874,22201,B3 S1 Montefalco Via Ugo Foscolo,0,0,B3,S1,3.0,1.0,B3,tim_lteitaly.clf,450.0321044921875,w47575_s10.tif
205219626,42.8901906,12.6497874,22201,B3 S2 Montefalco Via Ugo Foscolo,0,0,B3,S2,3.0,2.0,B3,tim_lteitaly.clf,450.0321044921875,w47575_s10.tif
205219627,42.8901906,12.6497874,22201,B3 S3 Montefalco Via Ugo Foscolo,0,0,B3,S3,3.0,3.0,B3,tim_lteitaly.clf,450.0321044921875,w47575_s10.tif
205223968,43.2823457,12.7842308,22201,B1 S2 DSS Fossato di Vico Cima Mutali,0,1,B1,S2,1.0,2.0,B1,tim_lteitaly.clf,1091.885986328125,w47580_s10.tif
205223978,43.2823457,12.7842308,22201,B3 S2 DSS Fossato di Vico Cima Mutali,0,1,B3,S2,3.0,2.0,B3,tim_lteitaly.clf,1091.885986328125,w47580_s10.tif
205223998,43.2823457,12.7842308,22201,B20 S2 DSS Fossato di Vico Cima Mutali,0,1,B20,S2,20.0,2.0,B20,tim_lteitaly.clf,1091.885986328125,w47580_s10.tif
205232682,42.9535444,12.7068157,22201,B3 S2 Foligno Hotel Summit Via C. Battisti,0,0,B3,S2,3.0,2.0,B3,tim_lteitaly.clf,234.80239868164062,w47580_s10.tif
205252393,43.1822317,12.4272088,22201,B3 S1 Perugia Ponte Pattoli,0,0,B3,S1,3.0,1.0,B3,tim_lteitaly.clf,212.45370483398438,w47575_s10.tif
205252394,43.1822317,12.4272088,22201,B3 S2 Perugia Ponte Pattoli,0,0,B3,S2,3.0,2.0,B3,tim_lteitaly.clf,212.45370483398438,w47575_s10.tif
205252395,43.1822317,12.4272088,22201,B3 S3 Perugia Ponte Pattoli,0,0,B3,S3,3.0,3.0,B3,tim_lteitaly.clf,212.45370483398438,w47575_s10.tif
205252415,43.1822317,12.4272088,22201,B20 S3 Perugia Ponte Pattoli,0,0,B20,S3,20.0,3.0,B20,tim_lteitaly.clf,212.45370483398438,w47575_s10.tif
205252639,42.9597013,12.7088815,22201,B1 S1 Foligno Viale IV Novembre,0,0,B1,S1,1.0,1.0,B1,tim_lteitaly.clf,237.93870544433594,w47580_s10.tif
205253407,43.0102082,12.495179,22201,B1 S1 DSS Bettona Pineta,0,1,B1,S1,1.0,1.0,B1,tim_lteitaly.clf,372.1321105957031,w47575_s10.tif
205253408,43.0102082,12.495179,22201,B1 S2 DSS Bettona Pineta,0,1,B1,S2,1.0,2.0,B1,tim_lteitaly.clf,372.1321105957031,w47575_s10.tif
205253409,43.0102082,12.495179,22201,B1 S3 DSS Bettona Pineta,0,1,B1,S3,1.0,3.0,B1,tim_lteitaly.clf,372.1321105957031,w47575_s10.tif
205253417,43.0102082,12.495179,22201,B3 S1 DSS Bettona Pineta,0,1,B3,S1,3.0,1.0,B3,tim_lteitaly.clf,372.1321105957031,w47575_s10.tif
205253418,43.0102082,12.495179,22201,B3 S2 DSS Bettona Pineta,0,1,B3,S2,3.0,2.0,B3,tim_lteitaly.clf,372.1321105957031,w47575_s10.tif
205253419,43.0102082,12.495179,22201,B3 S3 DSS Bettona Pineta,0,1,B3,S3,3.0,3.0,B3,tim_lteitaly.clf,372.1321105957031,w47575_s10.tif
205253437,43.0102082,12.495179,22201,B20 S1 DSS Bettona Pineta,0,1,B20,S1,20.0,1.0,B20,tim_lteitaly.clf,372.1321105957031,w47575_s10.tif
205253438,43.0102082,12.495179,22201,B20 S2 DSS Bettona Pineta,0,1,B20,S2,20.0,2.0,B20,tim_lteitaly.clf,372.1321105957031,w47575_s10.tif
205253439,43.0102082,12.495179,22201,B20 S3 DSS Bettona Pineta,0,1,B20,S3,20.0,3.0,B20,tim_lteitaly.clf,372.1321105957031,w47575_s10.tif
205253665,42.9456443,12.4056933,22201,B1 S3 Ripabianca,0,0,B1,S3,1.0,3.0,B1,tim_lteitaly.clf,265.30511474609375,w47575_s10.tif
205253675,42.9456443,12.4056933,22201,B3 S3 Ripabianca,0,0,B3,S3,3.0,3.0,B3,tim_lteitaly.clf,265.30511474609375,w47575_s10.tif
205253929,43.095659,12.363572,22201,B3 S1 DSS Perugia Via Madonna Alta,0,1,B3,S1,3.0,1.0,B3,tim_lteitaly.clf,302.8935852050781,w47575_s10.tif
205253930,43.095659,12.363572,22201,B3 S2 DSS Perugia Via Madonna Alta,0,1,B3,S2,3.0,2.0,B3,tim_lteitaly.clf,302.8935852050781,w47575_s10.tif
205253931,43.095659,12.363572,22201,B3 S3 DSS Perugia Via Madonna Alta,0,1,B3,S3,3.0,3.0,B3,tim_lteitaly.clf,302.8935852050781,w47575_s10.tif
205254442,43.0668024,12.3725952,22201,B3 S2 Perugia Str. Vestricciano,0,0,B3,S2,3.0,2.0,B3,tim_lteitaly.clf,289.9208068847656,w47575_s10.tif
205254974,43.2987621,12.7498471,22201,B20 S2 Fossato di Vico SS318,0,0,B20,S2,20.0,2.0,B20,tim_lteitaly.clf,470.1023864746094,w48080_s10.tif
205262377,43.0807688,12.3502498,22201,B3 S1 Perugia,0,0,B3,S1,3.0,1.0,B3,tim_lteitaly.clf,269.17059326171875,w47575_s10.tif
205298729,43.3239114,12.6212731,22201,B3 S1 DSS Gubbio Padule,0,1,B3,S1,3.0,1.0,B3,tim_lteitaly.clf,546.3306274414062,w48075_s10.tif
205307945,42.8160042,12.76219,22201,B3 S1 5G Spoleto Telecom Via Flaminia Vecchia,1,0,B3,S1,3.0,1.0,B3,tim_lteitaly.clf,236.32179260253906,w47080_s10.tif
205307965,42.8160042,12.76219,22201,B20 S1 5G Spoleto Telecom Via Flaminia Vecchia,1,0,B20,S1,20.0,1.0,B20,tim_lteitaly.clf,236.32179260253906,w47080_s10.tif
205308191,42.9601925,12.6905726,22201,B1 S1 Foligno Ospedale Via Arcamone,0,0,B1,S1,1.0,1.0,B1,tim_lteitaly.clf,226.9897003173828,w47580_s10.tif
205308192,42.9601925,12.6905726,22201,B1 S2 Foligno Ospedale Via Arcamone,0,0,B1,S2,1.0,2.0,B1,tim_lteitaly.clf,226.9897003173828,w47580_s10.tif
205308193,42.9601925,12.6905726,22201,B1 S3 Foligno Ospedale Via Arcamone,0,0,B1,S3,1.0,3.0,B1,tim_lteitaly.clf,226.9897003173828,w47580_s10.tif
205308201,42.9601925,12.6905726,22201,B3 S1 Foligno Ospedale Via Arcamone,0,0,B3,S1,3.0,1.0,B3,tim_lteitaly.clf,226.9897003173828,w47580_s10.tif
205308202,42.9601925,12.6905726,22201,B3 S2 Foligno Ospedale Via Arcamone,0,0,B3,S2,3.0,2.0,B3,tim_lteitaly.clf,226.9897003173828,w47580_s10.tif
205308203,42.9601925,12.6905726,22201,B3 S3 Foligno Ospedale Via Arcamone,0,0,B3,S3,3.0,3.0,B3,tim_lteitaly.clf,226.9897003173828,w47580_s10.tif
205308223,42.9601925,12.6905726,22201,B20 S3 Foligno Ospedale Via Arcamone,0,0,B20,S3,20.0,3.0,B20,tim_lteitaly.clf,226.9897003173828,w47580_s10.tif
205309225,43.1067435,12.3921952,22201,B3 S1 Perugia Convento di San Domenico,0,0,B3,S1,3.0,1.0,B3,tim_lteitaly.clf,448.8312072753906,w47575_s10.tif
205309227,43.1067435,12.3921952,22201,B3 S3 Perugia Convento di San Domenico,0,0,B3,S3,3.0,3.0,B3,tim_lteitaly.clf,448.8312072753906,w47575_s10.tif
205326613,43.1282516,12.4520504,22201,B7 S1 Perugia Loc. Ponte Felcino,0,0,B7,S1,7.0,1.0,B7,tim_lteitaly.clf,203.91709899902344,w47575_s10.tif
205326614,43.1282516,12.4520504,22201,B7 S2 Perugia Loc. Ponte Felcino,0,0,B7,S2,7.0,2.0,B7,tim_lteitaly.clf,203.91709899902344,w47575_s10.tif
205326633,43.1282516,12.4520504,22201,B3 S1 Perugia Loc. Ponte Felcino,0,0,B3,S1,3.0,1.0,B3,tim_lteitaly.clf,203.91709899902344,w47575_s10.tif
205326634,43.1282516,12.4520504,22201,B3 S2 Perugia Loc. Ponte Felcino,0,0,B3,S2,3.0,2.0,B3,tim_lteitaly.clf,203.91709899902344,w47575_s10.tif
205326635,43.1282516,12.4520504,22201,B3 S3 Perugia Loc. Ponte Felcino,0,0,B3,S3,3.0,3.0,B3,tim_lteitaly.clf,203.91709899902344,w47575_s10.tif
205326654,43.1282516,12.4520504,22201,B20 S2 Perugia Loc. Ponte Felcino,0,0,B20,S2,20.0,2.0,B20,tim_lteitaly.clf,203.91709899902344,w47575_s10.tif
205326891,42.7405216,12.7398927,22201,B3 S3 5G Spoleto Telecom Via Micheli,1,0,B3,S3,3.0,3.0,B3,tim_lteitaly.clf,324.44500732421875,w47080_s10.tif
205327914,43.0418699,12.6271294,22201,B3 S2 Assisi Loc. Rivotorto Contrada Millematti,0,0,B3,S2,3.0,2.0,B3,tim_lteitaly.clf,229.23370361328125,w47575_s10.tif
205327915,43.0418699,12.6271294,22201,B3 S3 Assisi Loc. Rivotorto Contrada Millematti,0,0,B3,S3,3.0,3.0,B3,tim_lteitaly.clf,229.23370361328125,w47575_s10.tif
205327916,43.0418699,12.6271294,22201,B3 S4 Assisi Loc. Rivotorto Contrada Millematti,0,0,B3,S4,3.0,4.0,B3,tim_lteitaly.clf,229.23370361328125,w47575_s10.tif
205327934,43.0418699,12.6271294,22201,B20 S2 Assisi Loc. Rivotorto Contrada Millematti,0,0,B20,S2,20.0,2.0,B20,tim_lteitaly.clf,229.23370361328125,w47575_s10.tif
205327935,43.0418699,12.6271294,22201,B20 S3 Assisi Loc. Rivotorto Contrada Millematti,0,0,B20,S3,20.0,3.0,B20,tim_lteitaly.clf,229.23370361328125,w47575_s10.tif
205328425,43.1060038,12.5507948,22201,B3 S1 DSS Assisi Fraz. Palazzo,0,1,B3,S1,3.0,1.0,B3,tim_lteitaly.clf,266.4479064941406,w47575_s10.tif
205328426,43.1060038,12.5507948,22201,B3 S2 DSS Assisi Fraz. Palazzo,0,1,B3,S2,3.0,2.0,B3,tim_lteitaly.clf,266.4479064941406,w47575_s10.tif
205328427,43.1060038,12.5507948,22201,B3 S3 DSS Assisi Fraz. Palazzo,0,1,B3,S3,3.0,3.0,B3,tim_lteitaly.clf,266.4479064941406,w47575_s10.tif
205328445,43.1060038,12.5507948,22201,B20 S1 DSS Assisi Fraz. Palazzo,0,1,B20,S1,20.0,1.0,B20,tim_lteitaly.clf,266.4479064941406,w47575_s10.tif
205328446,43.1060038,12.5507948,22201,B20 S2 DSS Assisi Fraz. Palazzo,0,1,B20,S2,20.0,2.0,B20,tim_lteitaly.clf,266.4479064941406,w47575_s10.tif
205328447,43.1060038,12.5507948,22201,B20 S3 DSS Assisi Fraz. Palazzo,0,1,B20,S3,20.0,3.0,B20,tim_lteitaly.clf,266.4479064941406,w47575_s10.tif
205339424,42.8772702,12.74768,22201,B1 S2 Trevi Torre Piazza Mazzini,0,0,B1,S2,1.0,2.0,B1,tim_lteitaly.clf,407.63330078125,w47580_s10.tif
205339425,42.8772702,12.74768,22201,B1 S3 Trevi Torre Piazza Mazzini,0,0,B1,S3,1.0,3.0,B1,tim_lteitaly.clf,407.63330078125,w47580_s10.tif
205339434,42.8772702,12.74768,22201,B3 S2 Trevi Torre Piazza Mazzini,0,0,B3,S2,3.0,2.0,B3,tim_lteitaly.clf,407.63330078125,w47580_s10.tif
205339435,42.8772702,12.74768,22201,B3 S3 Trevi Torre Piazza Mazzini,0,0,B3,S3,3.0,3.0,B3,tim_lteitaly.clf,407.63330078125,w47580_s10.tif
205340959,43.0736679,12.6088945,22201,"B1 S1 Assisi Via Metastasio, 7",0,0,B1,S1,1.0,1.0,B1,tim_lteitaly.clf,395.276611328125,w47575_s10.tif
205340960,43.0736679,12.6088945,22201,"B1 S2 Assisi Via Metastasio, 7",0,0,B1,S2,1.0,2.0,B1,tim_lteitaly.clf,395.276611328125,w47575_s10.tif
205340961,43.0736679,12.6088945,22201,"B1 S3 Assisi Via Metastasio, 7",0,0,B1,S3,1.0,3.0,B1,tim_lteitaly.clf,395.276611328125,w47575_s10.tif
205340971,43.0736679,12.6088945,22201,"B3 S3 Assisi Via Metastasio, 7",0,0,B3,S3,3.0,3.0,B3,tim_lteitaly.clf,395.276611328125,w47575_s10.tif
205380385,43.1472179,12.7647132,22201,B1 S3 Nocera Umbra Loc. Serre Parrano,0,0,B1,S3,1.0,3.0,B1,tim_lteitaly.clf,631.6987915039062,w47580_s10.tif
205380395,43.1472179,12.7647132,22201,B3 S3 Nocera Umbra Loc. Serre Parrano,0,0,B3,S3,3.0,3.0,B3,tim_lteitaly.clf,631.6987915039062,w47580_s10.tif
205380415,43.1472179,12.7647132,22201,B20 S3 Nocera Umbra Loc. Serre Parrano,0,0,B20,S3,20.0,3.0,B20,tim_lteitaly.clf,631.6987915039062,w47580_s10.tif
205417515,43.2153212,12.7857906,22201,B3 S3 Gualdo Tadino ZI,0,0,B3,S3,3.0,3.0,B3,tim_lteitaly.clf,509.3741149902344,w47580_s10.tif
205420565,43.0722066,12.606894,22201,B7 S1 Assisi Piazza Unit� d'Italia,0,0,B7,S1,7.0,1.0,B7,tim_lteitaly.clf,318.3359069824219,w47575_s10.tif
205421077,43.0665877,12.6190324,22201,B7 S1 Assisi Parcheggio Porta Nuova,0,0,B7,S1,7.0,1.0,B7,tim_lteitaly.clf,398.37420654296875,w47575_s10.tif
205421589,43.0701026,12.6188161,22201,B7 S1 Assisi Piazza Matteotti,0,0,B7,S1,7.0,1.0,B7,tim_lteitaly.clf,435.356201171875,w47575_s10.tif
205438997,43.0965023,12.3862816,22201,B7 S1 Perugia Via Palermo,0,0,B7,S1,7.0,1.0,B7,tim_lteitaly.clf,321.84161376953125,w47575_s10.tif
205439017,43.0965023,12.3862816,22201,B3 S1 Perugia Via Palermo,0,0,B3,S1,3.0,1.0,B3,tim_lteitaly.clf,321.84161376953125,w47575_s10.tif
205439018,43.0965023,12.3862816,22201,B3 S2 Perugia Via Palermo,0,0,B3,S2,3.0,2.0,B3,tim_lteitaly.clf,321.84161376953125,w47575_s10.tif
205439037,43.0965023,12.3862816,22201,B20 S1 Perugia Via Palermo,0,0,B20,S1,20.0,1.0,B20,tim_lteitaly.clf,321.84161376953125,w47575_s10.tif
205478953,43.1393481,12.4618336,22201,B3 S1 5G Perugia Fraz. Bosco,1,0,B3,S1,3.0,1.0,B3,tim_lteitaly.clf,258.5080871582031,w47575_s10.tif
205478955,43.1393481,12.4618336,22201,B3 S3 5G Perugia Fraz. Bosco,1,0,B3,S3,3.0,3.0,B3,tim_lteitaly.clf,258.5080871582031,w47575_s10.tif
205478975,43.1393481,12.4618336,22201,B20 S3 5G Perugia Fraz. Bosco,1,0,B20,S3,20.0,3.0,B20,tim_lteitaly.clf,258.5080871582031,w47575_s10.tif
205479487,43.0799133,12.8328957,22201,B20 S3 Nocera Umbra Vocabolo Serre Mosciano,0,0,B20,S3,20.0,3.0,B20,tim_lteitaly.clf,798.8319702148438,w47580_s10.tif
205520425,43.1249575,12.6448296,22201,B3 S1 DSS Assisi Monte delle Croci,0,1,B3,S1,3.0,1.0,B3,tim_lteitaly.clf,797.5380249023438,w47575_s10.tif
205520426,43.1249575,12.6448296,22201,B3 S2 DSS Assisi Monte delle Croci,0,1,B3,S2,3.0,2.0,B3,tim_lteitaly.clf,797.5380249023438,w47575_s10.tif
205520427,43.1249575,12.6448296,22201,B3 S3 DSS Assisi Monte delle Croci,0,1,B3,S3,3.0,3.0,B3,tim_lteitaly.clf,797.5380249023438,w47575_s10.tif
205520446,43.1249575,12.6448296,22201,B20 S2 DSS Assisi Monte delle Croci,0,1,B20,S2,20.0,2.0,B20,tim_lteitaly.clf,797.5380249023438,w47575_s10.tif
205520447,43.1249575,12.6448296,22201,B20 S3 DSS Assisi Monte delle Croci,0,1,B20,S3,20.0,3.0,B20,tim_lteitaly.clf,797.5380249023438,w47575_s10.tif
205553951,43.0700976,12.5005738,22201,B1 S1 5G Bastia Umbra Ospedalicchio ZI,1,0,B1,S1,1.0,1.0,B1,tim_lteitaly.clf,196.44020080566406,w47575_s10.tif
205553952,43.0700976,12.5005738,22201,B1 S2 5G Bastia Umbra Ospedalicchio ZI,1,0,B1,S2,1.0,2.0,B1,tim_lteitaly.clf,196.44020080566406,w47575_s10.tif
205553953,43.0700976,12.5005738,22201,B1 S3 5G Bastia Umbra Ospedalicchio ZI,1,0,B1,S3,1.0,3.0,B1,tim_lteitaly.clf,196.44020080566406,w47575_s10.tif
205553961,43.0700976,12.5005738,22201,B3 S1 5G Bastia Umbra Ospedalicchio ZI,1,0,B3,S1,3.0,1.0,B3,tim_lteitaly.clf,196.44020080566406,w47575_s10.tif
205553962,43.0700976,12.5005738,22201,B3 S2 5G Bastia Umbra Ospedalicchio ZI,1,0,B3,S2,3.0,2.0,B3,tim_lteitaly.clf,196.44020080566406,w47575_s10.tif
205553963,43.0700976,12.5005738,22201,B3 S3 5G Bastia Umbra Ospedalicchio ZI,1,0,B3,S3,3.0,3.0,B3,tim_lteitaly.clf,196.44020080566406,w47575_s10.tif
205553981,43.0700976,12.5005738,22201,B20 S1 5G Bastia Umbra Ospedalicchio ZI,1,0,B20,S1,20.0,1.0,B20,tim_lteitaly.clf,196.44020080566406,w47575_s10.tif
205553982,43.0700976,12.5005738,22201,B20 S2 5G Bastia Umbra Ospedalicchio ZI,1,0,B20,S2,20.0,2.0,B20,tim_lteitaly.clf,196.44020080566406,w47575_s10.tif
205553983,43.0700976,12.5005738,22201,B20 S3 5G Bastia Umbra Ospedalicchio ZI,1,0,B20,S3,20.0,3.0,B20,tim_lteitaly.clf,196.44020080566406,w47575_s10.tif
205559851,43.0879695,12.3662418,22201,B3 S3 Perugia ZI Via Morettini,0,0,B3,S3,3.0,3.0,B3,tim_lteitaly.clf,264.302490234375,w47575_s10.tif
205562399,42.9279232,12.5954064,22201,B1 S1 DSS Bevagna Via S. Antonio,0,1,B1,S1,1.0,1.0,B1,tim_lteitaly.clf,286.10699462890625,w47575_s10.tif
205562400,42.9279232,12.5954064,22201,B1 S2 DSS Bevagna Via S. Antonio,0,1,B1,S2,1.0,2.0,B1,tim_lteitaly.clf,286.10699462890625,w47575_s10.tif
205562409,42.9279232,12.5954064,22201,B3 S1 DSS Bevagna Via S. Antonio,0,1,B3,S1,3.0,1.0,B3,tim_lteitaly.clf,286.10699462890625,w47575_s10.tif
205562410,42.9279232,12.5954064,22201,B3 S2 DSS Bevagna Via S. Antonio,0,1,B3,S2,3.0,2.0,B3,tim_lteitaly.clf,286.10699462890625,w47575_s10.tif
205562429,42.9279232,12.5954064,22201,B20 S1 DSS Bevagna Via S. Antonio,0,1,B20,S1,20.0,1.0,B20,tim_lteitaly.clf,286.10699462890625,w47575_s10.tif
205562430,42.9279232,12.5954064,22201,B20 S2 DSS Bevagna Via S. Antonio,0,1,B20,S2,20.0,2.0,B20,tim_lteitaly.clf,286.10699462890625,w47575_s10.tif
205597993,42.9826509,12.6727626,22201,B3 S1 Spello Via Giovanni XXIII,0,0,B3,S1,3.0,1.0,B3,tim_lteitaly.clf,222.94960021972656,w47575_s10.tif
205597994,42.9826509,12.6727626,22201,B3 S2 Spello Via Giovanni XXIII,0,0,B3,S2,3.0,2.0,B3,tim_lteitaly.clf,222.94960021972656,w47575_s10.tif
205597995,42.9826509,12.6727626,22201,B3 S3 Spello Via Giovanni XXIII,0,0,B3,S3,3.0,3.0,B3,tim_lteitaly.clf,222.94960021972656,w47575_s10.tif
205598013,42.9826509,12.6727626,22201,B20 S1 Spello Via Giovanni XXIII,0,0,B20,S1,20.0,1.0,B20,tim_lteitaly.clf,222.94960021972656,w47575_s10.tif
205598015,42.9826509,12.6727626,22201,B20 S3 Spello Via Giovanni XXIII,0,0,B20,S3,20.0,3.0,B20,tim_lteitaly.clf,222.94960021972656,w47575_s10.tif
205628203,42.7564331,12.7395827,22201,B3 S3 DSS Spoleto Loc. Colle San Tommaso,0,1,B3,S3,3.0,3.0,B3,tim_lteitaly.clf,357.2643127441406,w47080_s10.tif
205642527,42.9825783,12.4197576,22201,B1 S1 Deruta Piazza dei Consoli,0,0,B1,S1,1.0,1.0,B1,tim_lteitaly.clf,185.92010498046875,w47575_s10.tif
205642528,42.9825783,12.4197576,22201,B1 S2 Deruta Piazza dei Consoli,0,0,B1,S2,1.0,2.0,B1,tim_lteitaly.clf,185.92010498046875,w47575_s10.tif
205642529,42.9825783,12.4197576,22201,B1 S3 Deruta Piazza dei Consoli,0,0,B1,S3,1.0,3.0,B1,tim_lteitaly.clf,185.92010498046875,w47575_s10.tif
205642557,42.9825783,12.4197576,22201,B20 S1 Deruta Piazza dei Consoli,0,0,B20,S1,20.0,1.0,B20,tim_lteitaly.clf,185.92010498046875,w47575_s10.tif
205642559,42.9825783,12.4197576,22201,B20 S3 Deruta Piazza dei Consoli,0,0,B20,S3,20.0,3.0,B20,tim_lteitaly.clf,185.92010498046875,w47575_s10.tif
205643069,43.213001,12.6740017,22201,B20 S1 Valfabbrica Loc. Casacastalda,0,0,B20,S1,20.0,1.0,B20,tim_lteitaly.clf,460.53289794921875,w47575_s10.tif
205643070,43.213001,12.6740017,22201,B20 S2 Valfabbrica Loc. Casacastalda,0,0,B20,S2,20.0,2.0,B20,tim_lteitaly.clf,460.53289794921875,w47575_s10.tif
205643071,43.213001,12.6740017,22201,B20 S3 Valfabbrica Loc. Casacastalda,0,0,B20,S3,20.0,3.0,B20,tim_lteitaly.clf,460.53289794921875,w47575_s10.tif
205678911,42.8624215,12.7994962,22201,B20 S3 DSS Campitello Monte Serano,0,1,B20,S3,20.0,3.0,B20,tim_lteitaly.clf,1406.719970703125,w47580_s10.tif
205704223,42.8269137,12.6797765,22201,B1 S1 DSS Castel Ritaldi ZI,0,1,B1,S1,1.0,1.0,B1,tim_lteitaly.clf,240.9947967529297,w47080_s10.tif
205717821,43.1654339,12.5896831,22201,B20 S1 DSS Valfabbrica Loc. Bartoluccia,0,1,B20,S1,20.0,1.0,B20,tim_lteitaly.clf,354.8841857910156,w47575_s10.tif
205717822,43.1654339,12.5896831,22201,B20 S2 DSS Valfabbrica Loc. Bartoluccia,0,1,B20,S2,20.0,2.0,B20,tim_lteitaly.clf,354.8841857910156,w47575_s10.tif
205722913,42.8756371,12.2277568,22201,B1 S3 DSS San Venanzo Loc. Poggio della Croce,0,1,B1,S3,1.0,3.0,B1,tim_lteitaly.clf,603.4813232421875,w47575_s10.tif
205726505,42.9133265,12.5521352,22201,B3 S1 Gualdo Cattaneo Via Col Ventoso,0,0,B3,S1,3.0,1.0,B3,tim_lteitaly.clf,518.0927124023438,w47575_s10.tif
205726525,42.9133265,12.5521352,22201,B20 S1 Gualdo Cattaneo Via Col Ventoso,0,0,B20,S1,20.0,1.0,B20,tim_lteitaly.clf,518.0927124023438,w47575_s10.tif
205729321,43.3350993,12.7422966,22201,B3 S1 Sigillo,0,0,B3,S1,3.0,1.0,B3,tim_lteitaly.clf,537.9749145507812,w48080_s10.tif
205733663,43.0011511,12.4332594,22201,B1 S1 Deruta Loc. Ponte Nuovo,0,0,B1,S1,1.0,1.0,B1,tim_lteitaly.clf,292.4209899902344,w47575_s10.tif
205733664,43.0011511,12.4332594,22201,B1 S2 Deruta Loc. Ponte Nuovo,0,0,B1,S2,1.0,2.0,B1,tim_lteitaly.clf,292.4209899902344,w47575_s10.tif
205733673,43.0011511,12.4332594,22201,B3 S1 Deruta Loc. Ponte Nuovo,0,0,B3,S1,3.0,1.0,B3,tim_lteitaly.clf,292.4209899902344,w47575_s10.tif
205733674,43.0011511,12.4332594,22201,B3 S2 Deruta Loc. Ponte Nuovo,0,0,B3,S2,3.0,2.0,B3,tim_lteitaly.clf,292.4209899902344,w47575_s10.tif
205733693,43.0011511,12.4332594,22201,B20 S1 Deruta Loc. Ponte Nuovo,0,0,B20,S1,20.0,1.0,B20,tim_lteitaly.clf,292.4209899902344,w47575_s10.tif
205733694,43.0011511,12.4332594,22201,B20 S2 Deruta Loc. Ponte Nuovo,0,0,B20,S2,20.0,2.0,B20,tim_lteitaly.clf,292.4209899902344,w47575_s10.tif
205734974,43.2262265,12.5622751,22201,B20 S2 DSS Gubbio Loc. Petroia,0,1,B20,S2,20.0,2.0,B20,tim_lteitaly.clf,661.9387817382812,w47575_s10.tif
205763901,43.1223454,12.3100746,22201,B20 S1 DSS Corciano Colle Trinit�,0,1,B20,S1,20.0,1.0,B20,tim_lteitaly.clf,630.7847290039062,w47575_s10.tif
205763902,43.1223454,12.3100746,22201,B20 S2 DSS Corciano Colle Trinit�,0,1,B20,S2,20.0,2.0,B20,tim_lteitaly.clf,630.7847290039062,w47575_s10.tif
205803561,43.0965758,12.3751485,22201,B3 S1 5G Perugia Strada S. Maria della Collina,1,0,B3,S1,3.0,1.0,B3,tim_lteitaly.clf,350.1585998535156,w47575_s10.tif
205803563,43.0965758,12.3751485,22201,B3 S3 5G Perugia Strada S. Maria della Collina,1,0,B3,S3,3.0,3.0,B3,tim_lteitaly.clf,350.1585998535156,w47575_s10.tif
205803583,43.0965758,12.3751485,22201,B20 S3 5G Perugia Strada S. Maria della Collina,1,0,B20,S3,20.0,3.0,B20,tim_lteitaly.clf,350.1585998535156,w47575_s10.tif
205805353,43.0835904,12.4546916,22201,B3 S1 Perugia Strada Cimitero,0,0,B3,S1,3.0,1.0,B3,tim_lteitaly.clf,288.76080322265625,w47575_s10.tif
205805354,43.0835904,12.4546916,22201,B3 S2 Perugia Strada Cimitero,0,0,B3,S2,3.0,2.0,B3,tim_lteitaly.clf,288.76080322265625,w47575_s10.tif
205805355,43.0835904,12.4546916,22201,B3 S3 Perugia Strada Cimitero,0,0,B3,S3,3.0,3.0,B3,tim_lteitaly.clf,288.76080322265625,w47575_s10.tif
205805373,43.0835904,12.4546916,22201,B20 S1 Perugia Strada Cimitero,0,0,B20,S1,20.0,1.0,B20,tim_lteitaly.clf,288.76080322265625,w47575_s10.tif
205811999,43.0164003,12.2909044,22201,B1 S1 San Biagio della Valle Telecom,0,0,B1,S1,1.0,1.0,B1,tim_lteitaly.clf,255.01089477539062,w47575_s10.tif
205812001,43.0164003,12.2909044,22201,B1 S3 San Biagio della Valle Telecom,0,0,B1,S3,1.0,3.0,B1,tim_lteitaly.clf,255.01089477539062,w47575_s10.tif
205812011,43.0164003,12.2909044,22201,B3 S3 San Biagio della Valle Telecom,0,0,B3,S3,3.0,3.0,B3,tim_lteitaly.clf,255.01089477539062,w47575_s10.tif
205812031,43.0164003,12.2909044,22201,B20 S3 San Biagio della Valle Telecom,0,0,B20,S3,20.0,3.0,B20,tim_lteitaly.clf,255.01089477539062,w47575_s10.tif
205828127,43.0019447,12.6797372,22201,B1 S1 Spello Via Palombaiolo,0,0,B1,S1,1.0,1.0,B1,tim_lteitaly.clf,309.18798828125,w47575_s10.tif
205828128,43.0019447,12.6797372,22201,B1 S2 Spello Via Palombaiolo,0,0,B1,S2,1.0,2.0,B1,tim_lteitaly.clf,309.18798828125,w47575_s10.tif
205828158,43.0019447,12.6797372,22201,B20 S2 Spello Via Palombaiolo,0,0,B20,S2,20.0,2.0,B20,tim_lteitaly.clf,309.18798828125,w47575_s10.tif
205836821,43.1216889,12.3741301,22201,B7 S1 Perugia Monte Grillo,0,0,B7,S1,7.0,1.0,B7,tim_lteitaly.clf,421.093994140625,w47575_s10.tif
205836822,43.1216889,12.3741301,22201,B7 S2 Perugia Monte Grillo,0,0,B7,S2,7.0,2.0,B7,tim_lteitaly.clf,421.093994140625,w47575_s10.tif
205836823,43.1216889,12.3741301,22201,B7 S3 Perugia Monte Grillo,0,0,B7,S3,7.0,3.0,B7,tim_lteitaly.clf,421.093994140625,w47575_s10.tif
205836841,43.1216889,12.3741301,22201,B3 S1 Perugia Monte Grillo,0,0,B3,S1,3.0,1.0,B3,tim_lteitaly.clf,421.093994140625,w47575_s10.tif
205836842,43.1216889,12.3741301,22201,B3 S2 Perugia Monte Grillo,0,0,B3,S2,3.0,2.0,B3,tim_lteitaly.clf,421.093994140625,w47575_s10.tif
205850921,43.0966753,12.3865105,22201,B3 S1 Perugia Via Palermo Bis,0,0,B3,S1,3.0,1.0,B3,tim_lteitaly.clf,322.6184997558594,w47575_s10.tif
205851413,43.0786764,12.3365723,22201,B7 S1 Perugia Via Pietro Soriano,0,0,B7,S1,7.0,1.0,B7,tim_lteitaly.clf,253.3408966064453,w47575_s10.tif
205851415,43.0786764,12.3365723,22201,B7 S3 Perugia Via Pietro Soriano,0,0,B7,S3,7.0,3.0,B7,tim_lteitaly.clf,253.3408966064453,w47575_s10.tif
205851433,43.0786764,12.3365723,22201,B3 S1 Perugia Via Pietro Soriano,0,0,B3,S1,3.0,1.0,B3,tim_lteitaly.clf,253.3408966064453,w47575_s10.tif
205851434,43.0786764,12.3365723,22201,B3 S2 Perugia Via Pietro Soriano,0,0,B3,S2,3.0,2.0,B3,tim_lteitaly.clf,253.3408966064453,w47575_s10.tif
205856289,43.0723211,12.3469168,22201,B1 S3 5G Perugia Sant'Andrea delle Fratte Case Nuove,1,0,B1,S3,1.0,3.0,B1,tim_lteitaly.clf,258.98150634765625,w47575_s10.tif
205856298,43.0723211,12.3469168,22201,B3 S2 5G Perugia Sant'Andrea delle Fratte Case Nuove,1,0,B3,S2,3.0,2.0,B3,tim_lteitaly.clf,258.98150634765625,w47575_s10.tif
205856299,43.0723211,12.3469168,22201,B3 S3 5G Perugia Sant'Andrea delle Fratte Case Nuove,1,0,B3,S3,3.0,3.0,B3,tim_lteitaly.clf,258.98150634765625,w47575_s10.tif
205856553,43.0875679,12.4359905,22201,B3 S1 Perugia Ponte San Giovanni Via Segoloni,0,0,B3,S1,3.0,1.0,B3,tim_lteitaly.clf,198.22210693359375,w47575_s10.tif
205856554,43.0875679,12.4359905,22201,B3 S2 Perugia Ponte San Giovanni Via Segoloni,0,0,B3,S2,3.0,2.0,B3,tim_lteitaly.clf,198.22210693359375,w47575_s10.tif
205856555,43.0875679,12.4359905,22201,B3 S3 Perugia Ponte San Giovanni Via Segoloni,0,0,B3,S3,3.0,3.0,B3,tim_lteitaly.clf,198.22210693359375,w47575_s10.tif
205856574,43.0875679,12.4359905,22201,B20 S2 Perugia Ponte San Giovanni Via Segoloni,0,0,B20,S2,20.0,2.0,B20,tim_lteitaly.clf,198.22210693359375,w47575_s10.tif
205856575,43.0875679,12.4359905,22201,B20 S3 Perugia Ponte San Giovanni Via Segoloni,0,0,B20,S3,20.0,3.0,B20,tim_lteitaly.clf,198.22210693359375,w47575_s10.tif
205862953,43.2019452,12.5228562,22201,B3 S1 Perugia Strada del Castellaccio,0,0,B3,S1,3.0,1.0,B3,tim_lteitaly.clf,610.581298828125,w47575_s10.tif
205862954,43.2019452,12.5228562,22201,B3 S2 Perugia Strada del Castellaccio,0,0,B3,S2,3.0,2.0,B3,tim_lteitaly.clf,610.581298828125,w47575_s10.tif
205863209,43.1067063,12.446977,22201,B3 S1 Ponte Valle Ceppi Distillerie,0,0,B3,S1,3.0,1.0,B3,tim_lteitaly.clf,191.51840209960938,w47575_s10.tif
205863210,43.1067063,12.446977,22201,B3 S2 Ponte Valle Ceppi Distillerie,0,0,B3,S2,3.0,2.0,B3,tim_lteitaly.clf,191.51840209960938,w47575_s10.tif
205863211,43.1067063,12.446977,22201,B3 S3 Ponte Valle Ceppi Distillerie,0,0,B3,S3,3.0,3.0,B3,tim_lteitaly.clf,191.51840209960938,w47575_s10.tif
205870122,43.0699107,12.324744,22201,B3 S2 5G Perugia ZI Via Penna,1,0,B3,S2,3.0,2.0,B3,tim_lteitaly.clf,251.86509704589844,w47575_s10.tif
205870123,43.0699107,12.324744,22201,B3 S3 5G Perugia ZI Via Penna,1,0,B3,S3,3.0,3.0,B3,tim_lteitaly.clf,251.86509704589844,w47575_s10.tif
205876521,43.1159185,12.4595208,22201,B3 S1 Perugia Str. di Montalcino,0,0,B3,S1,3.0,1.0,B3,tim_lteitaly.clf,197.91319274902344,w47575_s10.tif
205876522,43.1159185,12.4595208,22201,B3 S2 Perugia Str. di Montalcino,0,0,B3,S2,3.0,2.0,B3,tim_lteitaly.clf,197.91319274902344,w47575_s10.tif
14682665,43.4502291,12.2340814,22210,B1 S1 Citt� di Castello SS3,0,0,B1,S1,1.0,1.0,B1,vodafone_lteitaly.clf,328.23651123046875,w48075_s10.tif
14682666,43.4502291,12.2340814,22210,B1 S2 Citt� di Castello SS3,0,0,B1,S2,1.0,2.0,B1,vodafone_lteitaly.clf,328.23651123046875,w48075_s10.tif
14787852,43.339882,12.3914593,22210,B20 S2 Umbertide Loc. Campaola,0,0,B20,S2,20.0,2.0,B20,vodafone_lteitaly.clf,555.92138671875,w48075_s10.tif
14787872,43.339882,12.3914593,22210,B3 S2 Umbertide Loc. Campaola,0,0,B3,S2,3.0,2.0,B3,vodafone_lteitaly.clf,555.92138671875,w48075_s10.tif
14787873,43.339882,12.3914593,22210,B3 S3 Umbertide Loc. Campaola,0,0,B3,S3,3.0,3.0,B3,vodafone_lteitaly.clf,555.92138671875,w48075_s10.tif
14860299,43.29671,12.3411301,22210,B20 S1 Umbertide ZI Via dei Carrai,0,0,B20,S1,20.0,1.0,B20,vodafone_lteitaly.clf,238.55259704589844,w47575_s10.tif
14860301,43.29671,12.3411301,22210,B20 S3 Umbertide ZI Via dei Carrai,0,0,B20,S3,20.0,3.0,B20,vodafone_lteitaly.clf,238.55259704589844,w47575_s10.tif
14860319,43.29671,12.3411301,22210,B3 S1 Umbertide ZI Via dei Carrai,0,0,B3,S1,3.0,1.0,B3,vodafone_lteitaly.clf,238.55259704589844,w47575_s10.tif
14860320,43.29671,12.3411301,22210,B3 S2 Umbertide ZI Via dei Carrai,0,0,B3,S2,3.0,2.0,B3,vodafone_lteitaly.clf,238.55259704589844,w47575_s10.tif
14860321,43.29671,12.3411301,22210,B3 S3 Umbertide ZI Via dei Carrai,0,0,B3,S3,3.0,3.0,B3,vodafone_lteitaly.clf,238.55259704589844,w47575_s10.tif
14860329,43.29671,12.3411301,22210,B1 S1 Umbertide ZI Via dei Carrai,0,0,B1,S1,1.0,1.0,B1,vodafone_lteitaly.clf,238.55259704589844,w47575_s10.tif
14860330,43.29671,12.3411301,22210,B1 S2 Umbertide ZI Via dei Carrai,0,0,B1,S2,1.0,2.0,B1,vodafone_lteitaly.clf,238.55259704589844,w47575_s10.tif
14860339,43.29671,12.3411301,22210,B7 S1 Umbertide ZI Via dei Carrai,0,0,B7,S1,7.0,1.0,B7,vodafone_lteitaly.clf,238.55259704589844,w47575_s10.tif
14860340,43.29671,12.3411301,22210,B7 S2 Umbertide ZI Via dei Carrai,0,0,B7,S2,7.0,2.0,B7,vodafone_lteitaly.clf,238.55259704589844,w47575_s10.tif
14860341,43.29671,12.3411301,22210,B7 S3 Umbertide ZI Via dei Carrai,0,0,B7,S3,7.0,3.0,B7,vodafone_lteitaly.clf,238.55259704589844,w47575_s10.tif
14860349,43.29671,12.3411301,22210,B28 S1 Umbertide ZI Via dei Carrai,0,0,B28,S1,28.0,1.0,B28,vodafone_lteitaly.clf,238.55259704589844,w47575_s10.tif
14862111,43.0583186,12.5460005,22210,B3 S1 Bastia Umbra ZI Via delle Industrie,0,0,B3,S1,3.0,1.0,B3,vodafone_lteitaly.clf,196.7794952392578,w47575_s10.tif
14875681,43.4651365,12.2343822,22210,B3 S3 5G Citt� di Castello Stadio,1,0,B3,S3,3.0,3.0,B3,vodafone_lteitaly.clf,287.0823059082031,w48075_s10.tif
14875691,43.4651365,12.2343822,22210,B1 S3 5G Citt� di Castello Stadio,1,0,B1,S3,1.0,3.0,B1,vodafone_lteitaly.clf,287.0823059082031,w48075_s10.tif
14875700,43.4651365,12.2343822,22210,B7 S2 5G Citt� di Castello Stadio,1,0,B7,S2,7.0,2.0,B7,vodafone_lteitaly.clf,287.0823059082031,w48075_s10.tif
14875701,43.4651365,12.2343822,22210,B7 S3 5G Citt� di Castello Stadio,1,0,B7,S3,7.0,3.0,B7,vodafone_lteitaly.clf,287.0823059082031,w48075_s10.tif
14877708,43.353177,12.2982148,22210,B20 S2 Citt� di Castello S.P. di Pietralunga,0,0,B20,S2,20.0,2.0,B20,vodafone_lteitaly.clf,327.51141357421875,w48075_s10.tif
14877728,43.353177,12.2982148,22210,B3 S2 Citt� di Castello S.P. di Pietralunga,0,0,B3,S2,3.0,2.0,B3,vodafone_lteitaly.clf,327.51141357421875,w48075_s10.tif
14877729,43.353177,12.2982148,22210,B3 S3 Citt� di Castello S.P. di Pietralunga,0,0,B3,S3,3.0,3.0,B3,vodafone_lteitaly.clf,327.51141357421875,w48075_s10.tif
14877738,43.353177,12.2982148,22210,B1 S2 Citt� di Castello S.P. di Pietralunga,0,0,B1,S2,1.0,2.0,B1,vodafone_lteitaly.clf,327.51141357421875,w48075_s10.tif
14877758,43.353177,12.2982148,22210,B28 S2 Citt� di Castello S.P. di Pietralunga,0,0,B28,S2,28.0,2.0,B28,vodafone_lteitaly.clf,327.51141357421875,w48075_s10.tif
14882592,43.4569904,12.238268,22210,B3 S2 Citt� di Castello Municipio,0,0,B3,S2,3.0,2.0,B3,vodafone_lteitaly.clf,289.2806091308594,w48075_s10.tif
14882603,43.4569904,12.238268,22210,B1 S3 Citt� di Castello Municipio,0,0,B1,S3,1.0,3.0,B1,vodafone_lteitaly.clf,289.2806091308594,w48075_s10.tif
14882611,43.4569904,12.238268,22210,B7 S1 Citt� di Castello Municipio,0,0,B7,S1,7.0,1.0,B7,vodafone_lteitaly.clf,289.2806091308594,w48075_s10.tif
14882612,43.4569904,12.238268,22210,B7 S2 Citt� di Castello Municipio,0,0,B7,S2,7.0,2.0,B7,vodafone_lteitaly.clf,289.2806091308594,w48075_s10.tif
14882613,43.4569904,12.238268,22210,B7 S3 Citt� di Castello Municipio,0,0,B7,S3,7.0,3.0,B7,vodafone_lteitaly.clf,289.2806091308594,w48075_s10.tif
14882848,43.458647,12.2539568,22210,B3 S2 DSS Citt� di Castello Cimitero,0,1,B3,S2,3.0,2.0,B3,vodafone_lteitaly.clf,313.5797119140625,w48075_s10.tif
14882857,43.458647,12.2539568,22210,B1 S1 DSS Citt� di Castello Cimitero,0,1,B1,S1,1.0,1.0,B1,vodafone_lteitaly.clf,313.5797119140625,w48075_s10.tif
14882868,43.458647,12.2539568,22210,B7 S2 DSS Citt� di Castello Cimitero,0,1,B7,S2,7.0,2.0,B7,vodafone_lteitaly.clf,313.5797119140625,w48075_s10.tif
14886175,43.3675026,12.2386184,22210,B3 S1 Citt� di Castello Fraz. Trestina,0,0,B3,S1,3.0,1.0,B3,vodafone_lteitaly.clf,262.84259033203125,w48075_s10.tif
14889229,43.3898028,12.2590538,22210,B20 S3 Citt� di Castello Fraz. San Maiano,0,0,B20,S3,20.0,3.0,B20,vodafone_lteitaly.clf,306.3832092285156,w48075_s10.tif
14889247,43.3898028,12.2590538,22210,B3 S1 Citt� di Castello Fraz. San Maiano,0,0,B3,S1,3.0,1.0,B3,vodafone_lteitaly.clf,306.3832092285156,w48075_s10.tif
14889248,43.3898028,12.2590538,22210,B3 S2 Citt� di Castello Fraz. San Maiano,0,0,B3,S2,3.0,2.0,B3,vodafone_lteitaly.clf,306.3832092285156,w48075_s10.tif
14889259,43.3898028,12.2590538,22210,B1 S3 Citt� di Castello Fraz. San Maiano,0,0,B1,S3,1.0,3.0,B1,vodafone_lteitaly.clf,306.3832092285156,w48075_s10.tif
14901517,43.1131509,12.3913275,22210,B20 S3 Perugia Via dell' Aquila,0,0,B20,S3,20.0,3.0,B20,vodafone_lteitaly.clf,491.61041259765625,w47575_s10.tif
14904863,43.2369118,12.3859504,22210,B3 S1 Perugia Fraz. La Bruna,0,0,B3,S1,3.0,1.0,B3,vodafone_lteitaly.clf,383.4888000488281,w47575_s10.tif
14987275,43.3291986,12.2477222,22210,B20 S1 DSS Umbertide Loc. Spedalicchio,0,1,B20,S1,20.0,1.0,B20,vodafone_lteitaly.clf,613.99267578125,w48075_s10.tif
14987278,43.3291986,12.2477222,22210,B20 S4 DSS Umbertide Loc. Spedalicchio,0,1,B20,S4,20.0,4.0,B20,vodafone_lteitaly.clf,613.99267578125,w48075_s10.tif
14987295,43.3291986,12.2477222,22210,B3 S1 DSS Umbertide Loc. Spedalicchio,0,1,B3,S1,3.0,1.0,B3,vodafone_lteitaly.clf,613.99267578125,w48075_s10.tif
14987298,43.3291986,12.2477222,22210,B3 S4 DSS Umbertide Loc. Spedalicchio,0,1,B3,S4,3.0,4.0,B3,vodafone_lteitaly.clf,613.99267578125,w48075_s10.tif
14987305,43.3291986,12.2477222,22210,B1 S1 DSS Umbertide Loc. Spedalicchio,0,1,B1,S1,1.0,1.0,B1,vodafone_lteitaly.clf,613.99267578125,w48075_s10.tif
14988556,43.3066621,12.327037,22210,B20 S2 DSS Umbertide Municipio Piazza Matteotti,0,1,B20,S2,20.0,2.0,B20,vodafone_lteitaly.clf,245.42520141601562,w48075_s10.tif
14988557,43.3066621,12.327037,22210,B20 S3 DSS Umbertide Municipio Piazza Matteotti,0,1,B20,S3,20.0,3.0,B20,vodafone_lteitaly.clf,245.42520141601562,w48075_s10.tif
14988575,43.3066621,12.327037,22210,B3 S1 DSS Umbertide Municipio Piazza Matteotti,0,1,B3,S1,3.0,1.0,B3,vodafone_lteitaly.clf,245.42520141601562,w48075_s10.tif
14988576,43.3066621,12.327037,22210,B3 S2 DSS Umbertide Municipio Piazza Matteotti,0,1,B3,S2,3.0,2.0,B3,vodafone_lteitaly.clf,245.42520141601562,w48075_s10.tif
14988585,43.3066621,12.327037,22210,B1 S1 DSS Umbertide Municipio Piazza Matteotti,0,1,B1,S1,1.0,1.0,B1,vodafone_lteitaly.clf,245.42520141601562,w48075_s10.tif
14988586,43.3066621,12.327037,22210,B1 S2 DSS Umbertide Municipio Piazza Matteotti,0,1,B1,S2,1.0,2.0,B1,vodafone_lteitaly.clf,245.42520141601562,w48075_s10.tif
14988595,43.3066621,12.327037,22210,B7 S1 DSS Umbertide Municipio Piazza Matteotti,0,1,B7,S1,7.0,1.0,B7,vodafone_lteitaly.clf,245.42520141601562,w48075_s10.tif
14988596,43.3066621,12.327037,22210,B7 S2 DSS Umbertide Municipio Piazza Matteotti,0,1,B7,S2,7.0,2.0,B7,vodafone_lteitaly.clf,245.42520141601562,w48075_s10.tif
14988606,43.3066621,12.327037,22210,B28 S2 DSS Umbertide Municipio Piazza Matteotti,0,1,B28,S2,28.0,2.0,B28,vodafone_lteitaly.clf,245.42520141601562,w48075_s10.tif
14989325,43.2696048,12.3947589,22210,B20 S3 Umbertide Fraz. Pierantonio,0,0,B20,S3,20.0,3.0,B20,vodafone_lteitaly.clf,366.63970947265625,w47575_s10.tif
14989355,43.2696048,12.3947589,22210,B1 S3 Umbertide Fraz. Pierantonio,0,0,B1,S3,1.0,3.0,B1,vodafone_lteitaly.clf,366.63970947265625,w47575_s10.tif
