mcc,mnc,lac,cell_id,short_cell_id,rnc,psc,asu,dbm,ta,lat,lon,accuracy,speed,bearing,altitude,measured_at,net_type,neighboring,discovered_at,device,rsrp,rsrq,rssi,rssnr,cqi,rscp,csi_rsrp,csi_rsrq,csi_sinr,ss_rsrp,ss_rsrq,ss_sinr,cdma_dbm,cdma_ecio,evdo_dbm,evdo_ecio,evdo_snr,ec_no,arfcn
222,1,20301,205253407,801771,31,34,20,-73,21,43.03854688,12.50072125,4.29,0,0,261.92,"2026-04-20T13:26:18.644Z",LTE,false,"2026-04-20T13:26:18.644Z","Xiaomi Redmi Note 7",-101,-9,-73,5,,,,,,,,,,,,,,,275
222,1,20301,205253407,801771,31,34,27,-59,21,43.03829990,12.50126027,4.29,10.61,122.9,269.24,"2026-04-20T13:27:57.647Z",LTE,false,"2026-04-20T13:26:18.644Z","Xiaomi Redmi Note 7",-94,-16,-59,10,,,,,,,,,,,,,,,275
222,1,20103,205553952,802945,32,130,28,-57,23,43.03824507,12.50137442,4.29,10.93,123,269.55,"2026-04-20T13:27:59.164Z",LTE,false,"2026-04-20T11:46:51.263Z","Xiaomi Redmi Note 7",-89,-13,-57,,,,,,,,,,,,,,,,275
222,1,20103,205553952,802945,32,130,28,-57,23,43.03805232,12.50190889,4.29,13.39,112.3,262.15,"2026-04-20T13:28:02.645Z",LTE,false,"2026-04-20T11:46:51.263Z","Xiaomi Redmi Note 7",-89,-13,-57,,,,,,,,,,,,,,,,275
222,1,20103,205553952,802945,32,130,28,-57,23,43.03787205,12.50258003,5.36,14.89,108.8,263.68,"2026-04-20T13:28:06.644Z",LTE,false,"2026-04-20T11:46:51.263Z","Xiaomi Redmi Note 7",-89,-13,-57,,,,,,,,,,,,,,,,275
222,1,20103,205553952,802945,32,130,28,-57,23,43.03777142,12.50314657,5.36,14.98,98.6,264.52,"2026-04-20T13:28:09.642Z",LTE,false,"2026-04-20T11:46:51.263Z","Xiaomi Redmi Note 7",-89,-13,-57,,,,,,,,,,,,,,,,275
222,1,20103,205553952,802945,32,130,28,-57,23,43.03790702,12.50375452,4.29,13.93,71.9,271.07,"2026-04-20T13:28:13.647Z",LTE,false,"2026-04-20T11:46:51.263Z","Xiaomi Redmi Note 7",-89,-13,-57,,,,,,,,,,,,,,,,275
222,1,20103,205553952,802945,32,130,28,-57,23,43.03818340,12.50440251,4.29,15.38,61,264.63,"2026-04-20T13:28:17.678Z",LTE,false,"2026-04-20T11:46:51.263Z","Xiaomi Redmi Note 7",-89,-13,-57,,,,,,,,,,,,,,,,275
222,1,20301,205253407,801771,31,34,27,-59,21,43.03825673,12.50456921,4.29,16.05,62.5,264.43,"2026-04-20T13:28:19.171Z",LTE,false,"2026-04-20T13:26:18.644Z","Xiaomi Redmi Note 7",-92,-14,-59,10,,,,,,,,,,,,,,,275
222,1,20301,205253407,801771,31,34,27,-59,21,43.03849270,12.50506123,4.29,16.6,58.3,263.19,"2026-04-20T13:28:21.644Z",LTE,false,"2026-04-20T13:26:18.644Z","Xiaomi Redmi Note 7",-92,-14,-59,10,,,,,,,,,,,,,,,275
222,1,20301,205253407,801771,31,34,27,-59,21,43.03888603,12.50536261,4.29,10.39,357.7,270.37,"2026-04-20T13:28:25.650Z",LTE,false,"2026-04-20T13:26:18.644Z","Xiaomi Redmi Note 7",-92,-14,-59,10,,,,,,,,,,,,,,,275
222,1,20301,205253407,801771,31,34,27,-59,21,43.03934570,12.50530748,5.36,14.29,352.7,272.03,"2026-04-20T13:28:29.651Z",LTE,false,"2026-04-20T13:26:18.644Z","Xiaomi Redmi Note 7",-92,-14,-59,10,,,,,,,,,,,,,,,275
222,1,20301,205253407,801771,31,34,27,-59,21,43.03984973,12.50512571,5.36,12.58,326,264.24,"2026-04-20T13:28:33.648Z",LTE,false,"2026-04-20T13:26:18.644Z","Xiaomi Redmi Note 7",-92,-14,-59,10,,,,,,,,,,,,,,,275
222,1,20301,205253407,801771,31,34,27,-59,21,43.04025695,12.50475475,6.43,14.75,321.8,263.06,"2026-04-20T13:28:37.643Z",LTE,false,"2026-04-20T13:26:18.644Z","Xiaomi Redmi Note 7",-92,-14,-59,10,,,,,,,,,,,,,,,275
222,1,20301,205091874,801140,34,190,29,-55,38,43.04037070,12.50464828,6.43,15.12,321.8,262.78,"2026-04-20T13:28:39.173Z",LTE,false,"2026-04-17T09:37:28.473Z","Xiaomi Redmi Note 7",-90,-15,-55,-8,,,,,,,,,,,,,,,275
222,1,20301,205091874,801140,34,190,29,-55,38,43.04079869,12.50436279,6.43,16.39,325.5,270.11,"2026-04-20T13:28:41.643Z",LTE,false,"2026-04-17T09:37:28.473Z","Xiaomi Redmi Note 7",-90,-15,-55,-8,,,,,,,,,,,,,,,275
222,1,20301,205091874,801140,34,190,29,-55,38,43.04120346,12.50407389,5.36,16.8,326.6,269.77,"2026-04-20T13:28:44.649Z",LTE,false,"2026-04-17T09:37:28.473Z","Xiaomi Redmi Note 7",-90,-15,-55,-8,,,,,,,,,,,,,,,275
222,1,20301,205091874,801140,34,190,29,-55,38,43.04158395,12.50378027,6.43,16.8,327,270.03,"2026-04-20T13:28:47.630Z",LTE,false,"2026-04-17T09:37:28.473Z","Xiaomi Redmi Note 7",-90,-15,-55,-8,,,,,,,,,,,,,,,275
222,1,20103,205553952,802945,32,130,28,-57,22,43.04172994,12.50368013,5.36,17.42,329.3,270.14,"2026-04-20T13:28:49.148Z",LTE,false,"2026-04-20T11:46:51.263Z","Xiaomi Redmi Note 7",-87,-10,-57,,,,,,,,,,,,,,,,275
222,1,20103,205553952,802945,32,130,28,-57,22,43.04211886,12.50333965,5.36,17.28,326.5,269.05,"2026-04-20T13:28:51.752Z",LTE,false,"2026-04-20T11:46:51.263Z","Xiaomi Redmi Note 7",-87,-10,-57,,,,,,,,,,,,,,,,275
222,1,20103,205553952,802945,32,130,28,-57,22,43.04251051,12.50301334,6.43,17.13,326.9,269.18,"2026-04-20T13:28:54.657Z",LTE,false,"2026-04-20T11:46:51.263Z","Xiaomi Redmi Note 7",-87,-10,-57,,,,,,,,,,,,,,,,275
222,1,20103,205553952,802945,32,130,28,-57,22,43.04287084,12.50270528,6.43,13.48,327.6,271.72,"2026-04-20T13:28:57.644Z",LTE,false,"2026-04-20T11:46:51.263Z","Xiaomi Redmi Note 7",-87,-10,-57,,,,,,,,,,,,,,,,275
222,1,20103,205553952,802945,32,130,28,-57,20,43.04328202,12.50299907,5.36,9.89,56.7,271.73,"2026-04-20T13:29:06.648Z",LTE,false,"2026-04-20T11:46:51.263Z","Xiaomi Redmi Note 7",-87,-12,-57,,,,,,,,,,,,,,,,275
222,1,20103,205553952,802945,32,130,28,-57,20,43.04347898,12.50350623,6.43,12.42,71.3,269.62,"2026-04-20T13:29:10.692Z",LTE,false,"2026-04-20T11:46:51.263Z","Xiaomi Redmi Note 7",-87,-12,-57,,,,,,,,,,,,,,,,275
222,1,20103,205553952,802945,32,130,28,-57,20,43.04351757,12.50415594,6.43,13.78,89.7,269.69,"2026-04-20T13:29:14.656Z",LTE,false,"2026-04-20T11:46:51.263Z","Xiaomi Redmi Note 7",-87,-12,-57,,,,,,,,,,,,,,,,275
222,1,20303,204926231,800493,23,50,16,-81,,43.04327674,12.50442401,6.43,6.57,197.5,261.24,"2026-04-20T13:29:19.736Z",LTE,false,"2026-04-20T11:12:34.750Z","Xiaomi Redmi Note 7",-108,-7,-81,,,,,,,,,,,,,,,,3175
222,1,20303,204926231,800493,23,50,16,-81,,43.04285998,12.50412871,5.36,11.78,209.5,260.67,"2026-04-20T13:29:24.645Z",LTE,false,"2026-04-20T11:12:34.750Z","Xiaomi Redmi Note 7",-108,-7,-81,,,,,,,,,,,,,,,,3175
222,1,20303,204926231,800493,23,50,16,-81,,43.04246909,12.50380762,5.36,13.43,210.6,257.71,"2026-04-20T13:29:28.630Z",LTE,false,"2026-04-20T11:12:34.750Z","Xiaomi Redmi Note 7",-108,-7,-81,,,,,,,,,,,,,,,,3175
222,1,20303,204926231,800493,23,50,16,-81,,43.04202961,12.50343623,5.36,14.79,210.7,260.94,"2026-04-20T13:29:32.641Z",LTE,false,"2026-04-20T11:12:34.750Z","Xiaomi Redmi Note 7",-108,-7,-81,,,,,,,,,,,,,,,,3175
222,1,20303,204926231,800493,23,50,16,-81,,43.04156941,12.50303123,5.36,15.45,210.8,257.05,"2026-04-20T13:29:36.659Z",LTE,false,"2026-04-20T11:12:34.750Z","Xiaomi Redmi Note 7",-108,-7,-81,,,,,,,,,,,,,,,,3175
222,1,20303,204926231,800493,23,50,16,-81,,43.04122292,12.50271871,5.36,15.31,216.2,256.33,"2026-04-20T13:29:39.686Z",LTE,false,"2026-04-20T11:12:34.750Z","Xiaomi Redmi Note 7",-108,-7,-81,,,,,,,,,,,,,,,,3175
222,1,20103,205553962,802945,42,311,31,-51,21,43.04122292,12.50271871,5.36,15.31,216.2,256.33,"2026-04-20T13:29:39.706Z",LTE,false,"2026-04-20T13:29:39.706Z","Xiaomi Redmi Note 7",-90,-19,-51,,,,,,,,,,,,,,,,1350
222,1,20103,205553962,802945,42,311,31,-51,21,43.04077049,12.50235544,10.72,15.21,220.5,257.11,"2026-04-20T13:29:43.641Z",LTE,false,"2026-04-20T13:29:39.706Z","Xiaomi Redmi Note 7",-90,-19,-51,,,,,,,,,,,,,,,,1350
222,1,20103,205553962,802945,42,311,31,-51,21,43.04041114,12.50205076,10.72,15.47,222.7,252.16,"2026-04-20T13:29:46.659Z",LTE,false,"2026-04-20T13:29:39.706Z","Xiaomi Redmi Note 7",-90,-19,-51,,,,,,,,,,,,,,,,1350
222,1,20103,205553962,802945,42,311,31,-51,21,43.04004027,12.50176433,10.72,15.82,219.3,252.68,"2026-04-20T13:29:49.632Z",LTE,false,"2026-04-20T13:29:39.706Z","Xiaomi Redmi Note 7",-90,-19,-51,,,,,,,,,,,,,,,,1350
222,1,20103,205553962,802945,42,311,31,-51,21,43.03965499,12.50147525,10.72,15.39,210.3,249.85,"2026-04-20T13:29:52.692Z",LTE,false,"2026-04-20T13:29:39.706Z","Xiaomi Redmi Note 7",-90,-19,-51,,,,,,,,,,,,,,,,1350
222,1,20103,205553962,802945,42,311,31,-51,21,43.03930448,12.50116997,4.29,15.41,213,248.35,"2026-04-20T13:29:55.644Z",LTE,false,"2026-04-20T13:29:39.706Z","Xiaomi Redmi Note 7",-90,-19,-51,,,,,,,,,,,,,,,,1350
222,1,20103,205553962,802945,42,311,31,-51,21,43.03893176,12.50090863,4.29,15.64,211.5,248.32,"2026-04-20T13:29:58.631Z",LTE,false,"2026-04-20T13:29:39.706Z","Xiaomi Redmi Note 7",-90,-19,-51,,,,,,,,,,,,,,,,1350
222,1,20102,204851499,800201,43,151,30,-53,35,43.03881115,12.50081511,4.29,15.48,211,248.81,"2026-04-20T13:29:59.698Z",LTE,false,"2026-04-20T13:29:59.698Z","Xiaomi Redmi Note 7",-90,-17,-53,-8,,,,,,,,,,,,,,,1350
222,1,20102,204851499,800201,43,151,30,-53,35,43.03843627,12.50055129,5.36,16.36,210.1,248.9,"2026-04-20T13:30:02.694Z",LTE,false,"2026-04-20T13:29:59.698Z","Xiaomi Redmi Note 7",-90,-17,-53,-8,,,,,,,,,,,,,,,1350
222,1,20102,204851499,800201,43,151,30,-53,35,43.03804751,12.50025357,5.36,16.19,207.6,248,"2026-04-20T13:30:05.642Z",LTE,false,"2026-04-20T13:29:59.698Z","Xiaomi Redmi Note 7",-90,-17,-53,-8,,,,,,,,,,,,,,,1350
222,1,20102,204851499,800201,43,151,30,-53,35,43.03755127,12.50013610,5.36,13.6,182.3,248.21,"2026-04-20T13:30:09.642Z",LTE,false,"2026-04-20T13:29:59.698Z","Xiaomi Redmi Note 7",-90,-17,-53,-8,,,,,,,,,,,,,,,1350
222,1,20301,53431083,208715,43,341,30,-53,34,43.03755127,12.50013610,5.36,13.6,182.3,248.21,"2026-04-20T13:30:09.725Z",LTE,false,"2026-04-20T13:30:09.725Z","Xiaomi Redmi Note 7",-93,-18,-53,,,,,,,,,,,,,,,,1350
222,1,20301,53431083,208715,43,341,30,-53,34,43.03702348,12.50018274,4.29,14.68,165.3,248.63,"2026-04-20T13:30:13.640Z",LTE,false,"2026-04-20T13:30:09.725Z","Xiaomi Redmi Note 7",-93,-18,-53,,,,,,,,,,,,,,,,1350
222,1,20301,53431083,208715,43,341,30,-53,34,43.03676462,12.50062509,4.29,11.2,130.1,248.72,"2026-04-20T13:30:17.657Z",LTE,false,"2026-04-20T13:30:09.725Z","Xiaomi Redmi Note 7",-93,-18,-53,,,,,,,,,,,,,,,,1350
222,1,20301,53431083,208715,43,341,30,-53,33,43.03653976,12.50125820,3.22,15.18,122.5,248.79,"2026-04-20T13:30:21.645Z",LTE,false,"2026-04-20T13:30:09.725Z","Xiaomi Redmi Note 7",-89,-16,-53,,,,,,,,,,,,,,,,1350
222,1,20301,53431083,208715,43,341,30,-53,33,43.03648142,12.50192572,5.36,10.05,71.5,249.15,"2026-04-20T13:30:25.690Z",LTE,false,"2026-04-20T13:30:09.725Z","Xiaomi Redmi Note 7",-89,-16,-53,,,,,,,,,,,,,,,,1350
222,1,20301,205091884,801140,44,255,30,-53,40,43.03678103,12.50194378,5.36,10.69,356.5,314.19,"2026-04-20T13:30:29.742Z",LTE,false,"2026-04-17T09:36:18.463Z","Xiaomi Redmi Note 7",-92,-18,-53,,,,,,,,,,,,,,,,1350
222,1,20301,205091884,801140,44,255,30,-53,40,43.03719316,12.50173795,5.36,12.84,328.5,266.33,"2026-04-20T13:30:33.643Z",LTE,false,"2026-04-17T09:36:18.463Z","Xiaomi Redmi Note 7",-92,-18,-53,,,,,,,,,,,,,,,,1350
222,1,20301,205091884,801140,44,255,30,-53,40,43.03765617,12.50135027,5.36,15.67,326.5,266.93,"2026-04-20T13:30:37.691Z",LTE,false,"2026-04-17T09:36:18.463Z","Xiaomi Redmi Note 7",-92,-18,-53,,,,,,,,,,,,,,,,1350
222,1,20301,205253417,801771,41,328,30,-53,,43.03790802,12.50113311,5.36,16.26,325.7,267.52,"2026-04-20T13:30:39.753Z",LTE,false,"2026-04-20T13:30:39.753Z","Xiaomi Redmi Note 7",-94,-20,-53,,,,,,,,,,,,,,,,1350
222,1,20301,205253417,801771,41,328,30,-53,,43.03827689,12.50078587,5.36,16.08,323.5,267.84,"2026-04-20T13:30:42.648Z",LTE,false,"2026-04-20T13:30:39.753Z","Xiaomi Redmi Note 7",-94,-20,-53,,,,,,,,,,,,,,,,1350
222,1,20301,205253417,801771,41,328,30,-53,,43.03864641,12.50051982,6.43,4.41,327.7,325.25,"2026-04-20T13:30:55.654Z",LTE,false,"2026-04-20T13:30:39.753Z","Xiaomi Redmi Note 7",-92,-19,-53,,,,,,,,,,,,,,,,1350
222,1,20301,205091884,801140,44,255,31,-51,40,43.03883377,12.50035400,5.36,7.35,324.9,321.76,"2026-04-20T13:30:59.795Z",LTE,false,"2026-04-17T09:36:18.463Z","Xiaomi Redmi Note 7",-91,-19,-51,,,,,,,,,,,,,,,,1350
222,1,20301,205091884,801140,44,255,31,-51,40,43.03920229,12.49986173,4.29,13.87,313.1,253.12,"2026-04-20T13:31:04.633Z",LTE,false,"2026-04-17T09:36:18.463Z","Xiaomi Redmi Note 7",-91,-19,-51,,,,,,,,,,,,,,,,1350
222,1,20301,205091884,801140,44,255,31,-51,40,43.03946713,12.49939111,4.29,15.6,311.9,257.96,"2026-04-20T13:31:07.646Z",LTE,false,"2026-04-17T09:36:18.463Z","Xiaomi Redmi Note 7",-91,-19,-51,,,,,,,,,,,,,,,,1350
222,1,20103,205553962,802945,42,311,31,-51,22,43.03967500,12.49910727,4.29,16.26,310.9,258.92,"2026-04-20T13:31:09.781Z",LTE,false,"2026-04-20T13:29:39.706Z","Xiaomi Redmi Note 7",-89,-16,-51,,,,,,,,,,,,,,,,1350
222,1,20103,205553962,802945,42,311,31,-51,22,43.03994945,12.49868149,4.29,14.11,288.4,260.32,"2026-04-20T13:31:12.644Z",LTE,false,"2026-04-20T13:29:39.706Z","Xiaomi Redmi Note 7",-89,-16,-51,,,,,,,,,,,,,,,,1350
222,1,20103,205553962,802945,42,311,31,-51,22,43.03969385,12.49812162,5.36,10.63,204.2,313.4,"2026-04-20T13:31:19.640Z",LTE,false,"2026-04-20T13:29:39.706Z","Xiaomi Redmi Note 7",-89,-16,-51,,,,,,,,,,,,,,,,1350
222,1,20301,205091884,801140,44,255,30,-53,41,43.03969385,12.49812162,5.36,10.63,204.2,313.4,"2026-04-20T13:31:19.827Z",LTE,false,"2026-04-17T09:36:18.463Z","Xiaomi Redmi Note 7",-93,-20,-53,,,,,,,,,,,,,,,,1350
222,1,20301,205091884,801140,44,255,30,-53,41,43.03927560,12.49789692,5.36,12.73,194.6,315.25,"2026-04-20T13:31:23.662Z",LTE,false,"2026-04-17T09:36:18.463Z","Xiaomi Redmi Note 7",-93,-20,-53,,,,,,,,,,,,,,,,1350
222,1,20301,205091884,801140,44,255,30,-53,41,43.03892596,12.49826388,5.36,12.21,114.9,316.12,"2026-04-20T13:31:28.635Z",LTE,false,"2026-04-17T09:36:18.463Z","Xiaomi Redmi Note 7",-93,-20,-53,,,,,,,,,,,,,,,,1350
222,1,20301,205091884,801140,44,255,30,-53,42,43.03868689,12.49891679,4.29,15.48,109.8,309.32,"2026-04-20T13:31:32.711Z",LTE,false,"2026-04-17T09:36:18.463Z","Xiaomi Redmi Note 7",-90,-16,-53,,,,,,,,,,,,,,,,1350
222,1,20301,205091884,801140,44,255,30,-53,42,43.03851057,12.49944954,3.22,16.04,102.8,305.14,"2026-04-20T13:31:35.641Z",LTE,false,"2026-04-17T09:36:18.463Z","Xiaomi Redmi Note 7",-90,-16,-53,,,,,,,,,,,,,,,,1350
222,1,20301,205091884,801140,44,255,30,-53,42,43.03841840,12.50001152,3.22,14.31,82,302.83,"2026-04-20T13:31:38.634Z",LTE,false,"2026-04-17T09:36:18.463Z","Xiaomi Redmi Note 7",-90,-16,-53,,,,,,,,,,,,,,,,1350
222,1,20301,205091884,801140,44,255,30,-53,42,43.03846188,12.50059374,4.29,17.35,77,304.89,"2026-04-20T13:31:41.650Z",LTE,false,"2026-04-17T09:36:18.463Z","Xiaomi Redmi Note 7",-90,-16,-53,,,,,,,,,,,,,,,,1350
222,1,20301,205091884,801140,44,255,30,-53,42,43.03842290,12.50117139,3.22,16.39,79.4,300.61,"2026-04-20T13:31:44.645Z",LTE,false,"2026-04-17T09:36:18.463Z","Xiaomi Redmi Note 7",-90,-16,-53,,,,,,,,,,,,,,,,1350
222,1,20301,205091884,801140,44,255,30,-53,42,43.03856251,12.50183183,4.29,13.42,60.7,276.19,"2026-04-20T13:31:48.629Z",LTE,false,"2026-04-17T09:36:18.463Z","Xiaomi Redmi Note 7",-90,-16,-53,,,,,,,,,,,,,,,,1350
222,1,20102,204851499,800201,43,151,30,-53,,43.03863632,12.50194626,4.29,12.94,51.9,269.21,"2026-04-20T13:31:49.761Z",LTE,false,"2026-04-20T13:29:59.698Z","Xiaomi Redmi Note 7",-96,-19,-53,,,,,,,,,,,,,,,,1350
222,1,20102,204851499,800201,43,151,30,-53,,43.03897050,12.50251630,4.29,15.85,48.2,267.01,"2026-04-20T13:31:53.641Z",LTE,false,"2026-04-20T13:29:59.698Z","Xiaomi Redmi Note 7",-96,-19,-53,,,,,,,,,,,,,,,,1350
222,1,20102,204851499,800201,43,151,30,-53,,43.03924851,12.50296210,4.29,16.66,46.4,267.09,"2026-04-20T13:31:56.643Z",LTE,false,"2026-04-20T13:29:59.698Z","Xiaomi Redmi Note 7",-96,-19,-53,,,,,,,,,,,,,,,,1350
222,1,20102,204851499,800201,43,151,30,-53,,43.03952876,12.50344565,5.36,17.07,46.4,263.71,"2026-04-20T13:31:59.649Z",LTE,false,"2026-04-20T13:29:59.698Z","Xiaomi Redmi Note 7",-96,-19,-53,,,,,,,,,,,,,,,,1350
222,1,20301,53431083,208715,43,341,30,-53,,43.03952876,12.50344565,5.36,17.07,46.4,263.71,"2026-04-20T13:31:59.824Z",LTE,false,"2026-04-20T13:30:09.725Z","Xiaomi Redmi Note 7",-90,-16,-53,,,,,,,,,,,,,,,,1350
222,1,20301,53431083,208715,43,341,30,-53,,43.03989702,12.50372101,5.36,9.67,348.9,270.3,"2026-04-20T13:32:03.651Z",LTE,false,"2026-04-20T13:30:09.725Z","Xiaomi Redmi Note 7",-90,-16,-53,,,,,,,,,,,,,,,,1350
222,1,20301,53431083,208715,43,341,30,-53,,43.04010440,12.50315973,5.36,13.03,321.3,272.19,"2026-04-20T13:32:08.627Z",LTE,false,"2026-04-20T13:30:09.725Z","Xiaomi Redmi Note 7",-90,-16,-53,,,,,,,,,,,,,,,,1350
222,1,20301,53431083,208715,43,341,30,-53,,43.04015329,12.50241792,4.29,15.26,273.7,254.45,"2026-04-20T13:32:12.682Z",LTE,false,"2026-04-20T13:30:09.725Z","Xiaomi Redmi Note 7",-90,-16,-53,,,,,,,,,,,,,,,,1350
222,1,20301,53431083,208715,43,341,30,-53,,43.04018347,12.50183019,3.22,16.46,315,255.5,"2026-04-20T13:32:15.643Z",LTE,false,"2026-04-20T13:30:09.725Z","Xiaomi Redmi Note 7",-90,-16,-53,,,,,,,,,,,,,,,,1350
222,1,20301,53431083,208715,43,341,30,-53,,43.04042948,12.50125834,3.22,13.92,349.7,302.41,"2026-04-20T13:32:19.643Z",LTE,false,"2026-04-20T13:30:09.725Z","Xiaomi Redmi Note 7",-90,-16,-53,,,,,,,,,,,,,,,,1350
222,1,20301,205091884,801140,44,255,30,-53,39,43.04042948,12.50125834,3.22,13.92,349.7,302.41,"2026-04-20T13:32:19.824Z",LTE,false,"2026-04-17T09:36:18.463Z","Xiaomi Redmi Note 7",-92,-18,-53,,,,,,,,,,,,,,,,1350
222,1,20301,205091884,801140,44,255,30,-53,39,43.04076101,12.50092769,3.22,15.59,325.4,309.56,"2026-04-20T13:32:22.649Z",LTE,false,"2026-04-17T09:36:18.463Z","Xiaomi Redmi Note 7",-92,-18,-53,,,,,,,,,,,,,,,,1350
222,1,20301,205091884,801140,44,255,30,-53,39,43.04111751,12.50056963,3.22,16.38,329.4,268.13,"2026-04-20T13:32:25.644Z",LTE,false,"2026-04-17T09:36:18.463Z","Xiaomi Redmi Note 7",-92,-18,-53,,,,,,,,,,,,,,,,1350
222,1,20301,205091884,801140,44,255,30,-53,40,43.04127812,12.50001848,3.22,7.2,232.7,304.52,"2026-04-20T13:32:30.640Z",LTE,false,"2026-04-17T09:36:18.463Z","Xiaomi Redmi Note 7",-93,-16,-53,,,,,,,,,,,,,,,,1350
222,1,20301,205091884,801140,44,255,30,-53,40,43.04098322,12.49956898,3.22,11.71,221.5,301.65,"2026-04-20T13:32:35.683Z",LTE,false,"2026-04-17T09:36:18.463Z","Xiaomi Redmi Note 7",-93,-16,-53,,,,,,,,,,,,,,,,1350
222,1,20301,205091884,801140,44,255,30,-53,40,43.04065615,12.49915851,3.22,12.15,218.5,305.78,"2026-04-20T13:32:39.633Z",LTE,false,"2026-04-17T09:36:18.463Z","Xiaomi Redmi Note 7",-93,-16,-53,,,,,,,,,,,,,,,,1350
222,1,20301,205091884,801140,44,255,30,-53,40,43.04025748,12.49960184,3.22,15.05,103,280.34,"2026-04-20T13:32:47.639Z",LTE,false,"2026-04-17T09:36:18.463Z","Xiaomi Redmi Note 7",-93,-16,-53,,,,,,,,,,,,,,,,1350
222,1,20301,205091884,801140,44,255,30,-53,40,43.04012743,12.50013426,3.22,14.26,114.8,298.96,"2026-04-20T13:32:50.662Z",LTE,false,"2026-04-17T09:36:18.463Z","Xiaomi Redmi Note 7",-88,-15,-53,,,,,,,,,,,,,,,,1350
222,1,20301,205091884,801140,44,255,30,-53,40,43.03965524,12.50004103,3.22,12.12,196.6,276.58,"2026-04-20T13:32:56.645Z",LTE,false,"2026-04-17T09:36:18.463Z","Xiaomi Redmi Note 7",-88,-15,-53,,,,,,,,,,,,,,,,1350
222,1,20301,205091884,801140,44,255,30,-53,40,43.03931103,12.49964743,3.22,12.99,221.6,277.4,"2026-04-20T13:33:00.643Z",LTE,false,"2026-04-17T09:36:18.463Z","Xiaomi Redmi Note 7",-88,-15,-53,,,,,,,,,,,,,,,,1350
222,1,20301,205091884,801140,44,255,30,-53,40,43.03897348,12.49922462,3.22,13.18,227.4,277.68,"2026-04-20T13:33:04.684Z",LTE,false,"2026-04-17T09:36:18.463Z","Xiaomi Redmi Note 7",-88,-15,-53,,,,,,,,,,,,,,,,1350
222,1,20301,205091884,801140,44,255,30,-53,40,43.03863451,12.49878670,3.22,14.26,228.2,278.05,"2026-04-20T13:33:08.628Z",LTE,false,"2026-04-17T09:36:18.463Z","Xiaomi Redmi Note 7",-88,-15,-53,,,,,,,,,,,,,,,,1350
222,1,20102,204851499,800201,43,151,31,-51,34,43.03854308,12.49867498,4.29,13.8,227.7,278.07,"2026-04-20T13:33:09.755Z",LTE,false,"2026-04-20T13:29:59.698Z","Xiaomi Redmi Note 7",-91,-18,-51,,,,,,,,,,,,,,,,1350
222,1,20102,204851499,800201,43,151,31,-51,34,43.03823793,12.49815867,3.22,11.32,251,271.53,"2026-04-20T13:33:13.642Z",LTE,false,"2026-04-20T13:29:59.698Z","Xiaomi Redmi Note 7",-91,-18,-51,,,,,,,,,,,,,,,,1350
222,1,20102,204851499,800201,43,151,31,-51,34,43.03864333,12.49783666,3.22,15.2,347.9,271.57,"2026-04-20T13:33:18.636Z",LTE,false,"2026-04-20T13:29:59.698Z","Xiaomi Redmi Note 7",-91,-18,-51,,,,,,,,,,,,,,,,1350
222,1,20103,205553962,802945,42,311,31,-51,23,43.03877780,12.49778869,3.22,15.89,345.5,271.75,"2026-04-20T13:33:19.783Z",LTE,false,"2026-04-20T13:29:39.706Z","Xiaomi Redmi Note 7",-90,-18,-51,,,,,,,,,,,,,,,,1350
222,1,20103,205553962,802945,42,311,31,-51,23,43.03920683,12.49762390,4.29,16.82,348.4,270.67,"2026-04-20T13:33:22.692Z",LTE,false,"2026-04-20T13:29:39.706Z","Xiaomi Redmi Note 7",-90,-18,-51,,,,,,,,,,,,,,,,1350
222,1,20103,205553962,802945,42,311,31,-51,23,43.03960784,12.49784896,3.22,8.55,53.5,276.97,"2026-04-20T13:33:26.648Z",LTE,false,"2026-04-20T13:29:39.706Z","Xiaomi Redmi Note 7",-90,-18,-51,,,,,,,,,,,,,,,,1350
222,1,20103,205553962,802945,42,311,31,-51,23,43.03937718,12.49847653,4.29,12.88,121.7,274.89,"2026-04-20T13:33:33.650Z",LTE,false,"2026-04-20T13:29:39.706Z","Xiaomi Redmi Note 7",-90,-18,-51,,,,,,,,,,,,,,,,1350
222,1,20103,205553962,802945,42,311,31,-51,23,43.03911063,12.49906274,3.22,14.97,120.7,304.35,"2026-04-20T13:33:37.644Z",LTE,false,"2026-04-20T13:29:39.706Z","Xiaomi Redmi Note 7",-90,-18,-51,,,,,,,,,,,,,,,,1350
222,1,20301,205091884,801140,44,255,30,-53,41,43.03895679,12.49939864,3.22,16.2,122.4,304.72,"2026-04-20T13:33:39.783Z",LTE,false,"2026-04-17T09:36:18.463Z","Xiaomi Redmi Note 7",-89,-15,-53,,,,,,,,,,,,,,,,1350
222,1,20301,205091884,801140,44,255,30,-53,41,43.03875096,12.49990747,3.22,14.75,106.4,308.02,"2026-04-20T13:33:42.806Z",LTE,false,"2026-04-17T09:36:18.463Z","Xiaomi Redmi Note 7",-89,-15,-53,,,,,,,,,,,,,,,,1350
222,1,20301,205091884,801140,44,255,30,-53,41,43.03902237,12.50040533,3.22,15.07,84.9,267.58,"2026-04-20T13:33:46.647Z",LTE,false,"2026-04-17T09:36:18.463Z","Xiaomi Redmi Note 7",-89,-15,-53,,,,,,,,,,,,,,,,1350
222,1,20301,205091884,801140,44,255,30,-53,41,43.03939056,12.50072754,3.22,16.35,87.6,267.63,"2026-04-20T13:33:49.656Z",LTE,false,"2026-04-17T09:36:18.463Z","Xiaomi Redmi Note 7",-89,-15,-53,,,,,,,,,,,,,,,,1350
222,1,20103,205553962,802945,42,311,31,-51,23,43.03939056,12.50072754,3.22,16.35,87.6,267.63,"2026-04-20T13:33:49.988Z",LTE,false,"2026-04-20T13:29:39.706Z","Xiaomi Redmi Note 7",-84,-16,-51,,,,,,,,,,,,,,,,1350
222,1,20103,205553962,802945,42,311,31,-51,23,43.03960743,12.50121849,3.22,9.8,58,273.5,"2026-04-20T13:33:53.643Z",LTE,false,"2026-04-20T13:29:39.706Z","Xiaomi Redmi Note 7",-84,-16,-51,,,,,,,,,,,,,,,,1350
222,1,20103,205553962,802945,42,311,31,-51,23,43.03943893,12.50186371,3.22,15.82,61.2,274.39,"2026-04-20T13:33:57.644Z",LTE,false,"2026-04-20T13:29:39.706Z","Xiaomi Redmi Note 7",-84,-16,-51,,,,,,,,,,,,,,,,1350
222,1,20103,205553962,802945,42,311,31,-51,23,43.03919926,12.50261171,3.22,16.81,113.8,274.14,"2026-04-20T13:34:01.650Z",LTE,false,"2026-04-20T13:29:39.706Z","Xiaomi Redmi Note 7",-84,-16,-51,,,,,,,,,,,,,,,,1350
222,1,20103,205553962,802945,42,311,31,-51,23,43.03900501,12.50316572,3.22,16.14,117.1,274.42,"2026-04-20T13:34:04.651Z",LTE,false,"2026-04-20T13:29:39.706Z","Xiaomi Redmi Note 7",-84,-16,-51,,,,,,,,,,,,,,,,1350
222,1,20103,205553962,802945,42,311,31,-51,23,43.03861588,12.50368617,3.22,15.95,142.8,274.24,"2026-04-20T13:34:08.653Z",LTE,false,"2026-04-20T13:29:39.706Z","Xiaomi Redmi Note 7",-84,-16,-51,,,,,,,,,,,,,,,,1350
222,1,20102,204851499,800201,43,151,29,-55,37,43.03849518,12.50380737,3.22,15.95,144,268.78,"2026-04-20T13:34:09.973Z",LTE,false,"2026-04-20T13:29:59.698Z","Xiaomi Redmi Note 7",-95,-18,-55,,,,,,,,,,,,,,,,1350
222,1,20102,204851499,800201,43,151,29,-55,37,43.03814375,12.50416598,3.22,16.33,145.5,269.04,"2026-04-20T13:34:12.655Z",LTE,false,"2026-04-20T13:29:59.698Z","Xiaomi Redmi Note 7",-95,-18,-55,,,,,,,,,,,,,,,,1350
222,1,20102,204851499,800201,43,151,29,-55,37,43.03769701,12.50437435,3.22,11.27,191.6,268.09,"2026-04-20T13:34:16.674Z",LTE,false,"2026-04-20T13:29:59.698Z","Xiaomi Redmi Note 7",-95,-18,-55,,,,,,,,,,,,,,,,1350
222,1,20103,205553962,802945,42,311,31,-51,23,43.03741552,12.50421844,3.22,9.62,224.8,268.55,"2026-04-20T13:34:20.214Z",LTE,false,"2026-04-20T13:29:39.706Z","Xiaomi Redmi Note 7",-83,-14,-51,,,,,,,,,,,,,,,,1350
222,1,20103,205553962,802945,42,311,31,-51,23,43.03727762,12.50366383,3.22,12.94,265.8,268.31,"2026-04-20T13:34:23.643Z",LTE,false,"2026-04-20T13:29:39.706Z","Xiaomi Redmi Note 7",-83,-14,-51,,,,,,,,,,,,,,,,1350
222,1,20103,205553962,802945,42,311,31,-51,23,43.03742276,12.50299973,3.22,15.58,287.3,268.77,"2026-04-20T13:34:27.760Z",LTE,false,"2026-04-20T13:29:39.706Z","Xiaomi Redmi Note 7",-83,-14,-51,,,,,,,,,,,,,,,,1350
222,1,20103,205553962,802945,42,311,31,-51,23,43.03755692,12.50243023,3.22,16,292.1,268.97,"2026-04-20T13:34:30.646Z",LTE,false,"2026-04-20T13:29:39.706Z","Xiaomi Redmi Note 7",-83,-14,-51,,,,,,,,,,,,,,,,1350
222,1,20103,205553962,802945,42,311,31,-51,23,43.03777204,12.50193885,3.22,15.88,303.5,269.46,"2026-04-20T13:34:33.647Z",LTE,false,"2026-04-20T13:29:39.706Z","Xiaomi Redmi Note 7",-83,-14,-51,,,,,,,,,,,,,,,,1350
222,1,20103,205553962,802945,42,311,31,-51,23,43.03804199,12.50151039,3.22,14.28,311.8,269.2,"2026-04-20T13:34:36.642Z",LTE,false,"2026-04-20T13:29:39.706Z","Xiaomi Redmi Note 7",-83,-14,-51,,,,,,,,,,,,,,,,1350
222,1,20103,205553962,802945,42,311,31,-51,23,43.03833426,12.50111963,3.22,15.67,315,269.04,"2026-04-20T13:34:39.685Z",LTE,false,"2026-04-20T13:29:39.706Z","Xiaomi Redmi Note 7",-83,-14,-51,,,,,,,,,,,,,,,,1350
222,1,20103,205553962,802945,42,311,31,-51,23,43.03866032,12.50073872,3.22,16.11,321,267.65,"2026-04-20T13:34:42.652Z",LTE,false,"2026-04-20T13:29:39.706Z","Xiaomi Redmi Note 7",-88,-17,-51,,,,,,,,,,,,,,,,1350
222,1,20103,205553962,802945,42,311,31,-51,23,43.03907212,12.50075791,3.22,6.93,28.7,276.27,"2026-04-20T13:34:47.652Z",LTE,false,"2026-04-20T13:29:39.706Z","Xiaomi Redmi Note 7",-88,-17,-51,,,,,,,,,,,,,,,,1350
222,1,20301,53431083,208715,43,341,31,-51,33,43.03906239,12.50099480,3.22,10.23,101.2,275.26,"2026-04-20T13:34:50.218Z",LTE,false,"2026-04-20T13:30:09.725Z","Xiaomi Redmi Note 7",-90,-17,-51,,,,,,,,,,,,,,,,1350
222,1,20301,53431083,208715,43,341,31,-51,33,43.03885610,12.50159706,3.22,14.82,118,275.21,"2026-04-20T13:34:53.652Z",LTE,false,"2026-04-20T13:30:09.725Z","Xiaomi Redmi Note 7",-90,-17,-51,,,,,,,,,,,,,,,,1350
222,1,20301,53431083,208715,43,341,31,-51,33,43.03856667,12.50213274,3.22,9.97,149.3,269.72,"2026-04-20T13:34:57.695Z",LTE,false,"2026-04-20T13:30:09.725Z","Xiaomi Redmi Note 7",-90,-17,-51,,,,,,,,,,,,,,,,1350
222,1,20301,53431083,208715,43,341,31,-51,33,43.03853933,12.50150368,3.22,8.9,170.8,293.36,"2026-04-20T13:35:05.643Z",LTE,false,"2026-04-20T13:30:09.725Z","Xiaomi Redmi Note 7",-90,-17,-51,,,,,,,,,,,,,,,,1350
222,1,20301,205091884,801140,44,255,31,-51,40,43.03828676,12.50112570,3.22,13.73,224.6,310.2,"2026-04-20T13:35:10.192Z",LTE,false,"2026-04-17T09:36:18.463Z","Xiaomi Redmi Note 7",-92,-17,-51,,,,,,,,,,,,,,,,1350
222,1,20301,205253417,801771,41,328,28,-57,20,43.03857735,12.50084365,4.29,1.05,4.3,264.01,"2026-04-20T13:35:20.227Z",LTE,false,"2026-04-20T13:30:39.753Z","Xiaomi Redmi Note 7",-95,-17,-57,,,,,,,,,,,,,,,,1350
